team,name,Min,ExpG,ExpA,Goal,PenGoal,GoalDirFK,GoalHead,Ast,PsAtt,PsOnHfScs,PsOpHfScs,BgChnc,BgChncCrtd,ChncOpnPl,Chance,SOG,SOTInBox,SOTOBox,ShotDirFK,SOTHead
Cavalry,Malyk Hamilton,90,0.1,0.06,0,0,0,0,0,49,25,19,0,0,1,1,1,1,0,0,0
Cavalry,Malyk Hamilton,90,0.0,0.0,0,0,0,0,0,52,32,17,0,0,0,0,0,0,0,0,0
Cavalry,Malyk Hamilton,90,0.03,0.0,0,0,0,0,0,42,23,12,0,0,0,0,0,0,0,0,0
Cavalry,Malyk Hamilton,90,0.0,0.02,0,0,0,0,1,51,31,15,0,0,0,1,0,0,0,0,0
Cavalry,Malyk Hamilton,90,0.0,0.0,0,0,0,0,0,46,20,23,0,0,0,0,0,0,0,0,0
Cavalry,Malyk Hamilton,90,0.0,0.0,0,0,0,0,0,36,13,15,0,0,0,0,0,0,0,0,0
Cavalry,Malyk Hamilton,90,0.0,0.0,0,0,0,0,0,43,15,18,0,0,0,0,0,0,0,0,0
Cavalry,Malyk Hamilton,75,0.0,0.0,0,0,0,0,0,39,25,9,0,0,0,0,0,0,0,0,0
Cavalry,Malyk Hamilton,90,0.31,0.03,0,0,0,0,0,39,23,14,1,0,1,1,0,0,0,0,0
Cavalry,Malyk Hamilton,90,0.0,0.0,0,0,0,0,0,35,12,18,0,0,0,0,0,0,0,0,0
Cavalry,Malyk Hamilton,85,0.0,0.0,0,0,0,0,0,40,25,7,0,0,0,0,0,0,0,0,0
Cavalry,Malyk Hamilton,90,0.0,0.0,0,0,0,0,0,32,12,10,0,0,0,0,0,0,0,0,0
Cavalry,Malyk Hamilton,90,0.04,0.41,0,0,0,0,0,27,7,14,0,1,3,3,0,0,0,0,0
Cavalry,Malyk Hamilton,68,0.0,0.0,0,0,0,0,0,31,9,17,0,0,0,0,0,0,0,0,0
Cavalry,Malyk Hamilton,11,0.0,0.0,0,0,0,0,0,13,7,3,0,0,0,0,0,0,0,0,0
Cavalry,Malyk Hamilton,14,0.0,0.0,0,0,0,0,0,16,12,2,0,0,0,0,0,0,0,0,0
Cavalry,Malyk Hamilton,17,0.0,0.0,0,0,0,0,0,6,4,1,0,0,0,0,0,0,0,0,0
Cavalry,Malyk Hamilton,15,0.08,0.21,0,0,0,0,1,7,0,5,0,0,1,2,0,0,0,0,0
Cavalry,Malyk Hamilton,0,0.0,0.0,0,0,0,0,0,0,0,0,0,0,0,0,0,0,0,0,0
Cavalry,Malyk Hamilton,0,0.0,0.0,0,0,0,0,0,0,0,0,0,0,0,0,0,0,0,0,0
Cavalry,Malyk Hamilton,0,0.0,0.0,0,0,0,0,0,0,0,0,0,0,0,0,0,0,0,0,0
Cavalry,Malyk Hamilton,0,0.0,0.0,0,0,0,0,0,0,0,0,0,0,0,0,0,0,0,0,0
Cavalry,Malyk Hamilton,0,0.0,0.0,0,0,0,0,0,0,0,0,0,0,0,0,0,0,0,0,0
Cavalry,Malyk Hamilton,0,0.0,0.0,0,0,0,0,0,0,0,0,0,0,0,0,0,0,0,0,0
Cavalry,Malyk Hamilton,0,0.0,0.0,0,0,0,0,0,0,0,0,0,0,0,0,0,0,0,0,0
Cavalry,Malyk Hamilton,0,0.0,0.0,0,0,0,0,0,0,0,0,0,0,0,0,0,0,0,0,0
Cavalry,Malyk Hamilton,0,0.0,0.0,0,0,0,0,0,0,0,0,0,0,0,0,0,0,0,0,0
HFX Wanderers,Mohamed Kourouma,90,0.23,0.15,0,0,0,0,0,48,13,18,0,0,0,2,0,0,0,0,0
HFX Wanderers,Mohamed Kourouma,90,0.1,0.38,0,0,0,0,0,39,13,16,0,1,2,2,0,0,0,0,0
HFX Wanderers,Mohamed Kourouma,90,0.11,0.21,0,0,0,0,0,36,4,18,0,0,0,4,1,0,1,0,0
HFX Wanderers,Mohamed Kourouma,86,0.56,0.35,0,0,0,0,0,38,11,17,1,1,2,3,3,1,2,1,0
HFX Wanderers,Mohamed Kourouma,90,0.16,0.07,0,0,0,0,0,27,9,12,0,0,2,2,1,0,1,1,0
HFX Wanderers,Mohamed Kourouma,90,0.16,0.5,0,0,0,0,0,38,4,20,0,1,1,1,2,1,1,1,0
HFX Wanderers,Mohamed Kourouma,90,0.11,1.09,0,0,0,0,1,39,11,14,0,3,3,3,0,0,0,0,0
HFX Wanderers,Mohamed Kourouma,90,0.14,0.56,0,0,0,0,0,33,11,12,0,1,1,3,1,1,0,0,0
HFX Wanderers,Mohamed Kourouma,90,0.06,0.08,0,0,0,0,0,33,17,14,0,0,0,1,0,0,0,0,0
HFX Wanderers,Mohamed Kourouma,80,0.18,0.09,0,0,0,0,0,30,9,7,0,0,1,1,0,0,0,0,0
HFX Wanderers,Mohamed Kourouma,90,0.15,0.46,0,0,0,0,0,28,11,4,0,1,1,3,1,1,0,0,0
HFX Wanderers,Mohamed Kourouma,90,0.85,0.79,1,1,0,0,1,30,9,14,1,1,3,6,1,1,0,0,0
HFX Wanderers,Mohamed Kourouma,90,0.17,0.11,0,0,0,0,0,27,9,9,0,1,1,1,1,0,1,0,0
HFX Wanderers,Mohamed Kourouma,90,0.1,0.56,0,0,0,0,0,31,11,9,0,1,1,3,1,1,0,0,0
HFX Wanderers,Mohamed Kourouma,90,0.02,0.0,0,0,0,0,0,32,6,17,0,0,0,0,0,0,0,0,0
HFX Wanderers,Mohamed Kourouma,90,0.2,0.0,0,0,0,0,0,32,15,11,0,0,0,0,0,0,0,0,0
HFX Wanderers,Mohamed Kourouma,82,0.09,0.23,0,0,0,0,0,21,10,7,0,0,0,2,0,0,0,0,0
HFX Wanderers,Mohamed Kourouma,64,0.19,0.0,0,0,0,0,0,26,7,6,0,0,0,0,1,0,1,0,0
HFX Wanderers,Mohamed Kourouma,77,0.24,0.67,0,0,0,0,1,15,6,4,0,1,0,1,3,0,3,3,0
HFX Wanderers,Mohamed Kourouma,84,0.16,0.03,0,0,0,0,0,23,7,10,0,0,1,1,0,0,0,0,0
HFX Wanderers,Mohamed Kourouma,86,0.0,0.0,0,0,0,0,0,15,1,5,0,0,0,0,0,0,0,0,0
HFX Wanderers,Mohamed Kourouma,76,0.1,0.0,0,0,0,0,0,21,4,9,0,0,0,0,1,0,1,2,0
HFX Wanderers,Mohamed Kourouma,26,0.03,0.25,0,0,0,0,0,17,5,7,0,1,1,1,0,0,0,0,0
HFX Wanderers,Mohamed Kourouma,27,0.06,0.0,0,0,0,0,0,7,2,2,0,0,0,0,0,0,0,1,0
HFX Wanderers,Mohamed Kourouma,26,0.0,0.1,0,0,0,0,0,10,3,3,0,0,0,2,0,0,0,0,0
HFX Wanderers,Mohamed Kourouma,14,0.02,0.14,0,0,0,0,0,6,0,4,0,0,0,2,0,0,0,0,0
Forge,Emery Welshman,90,0.18,0.51,0,0,0,0,1,44,8,27,0,1,3,3,0,0,0,0,0
Forge,Emery Welshman,90,0.45,0.48,0,0,0,0,1,21,6,7,0,1,2,2,1,1,0,0,0
Forge,Emery Welshman,90,0.0,0.03,0,0,0,0,0,30,4,14,0,0,1,1,0,0,0,0,0
Forge,Emery Welshman,90,0.0,0.18,0,0,0,0,0,29,6,18,0,0,2,2,0,0,0,0,0
Forge,Emery Welshman,90,0.09,0.04,0,0,0,0,0,25,3,14,0,0,1,1,1,1,0,0,0
Forge,Emery Welshman,90,0.79,0.06,1,0,0,0,0,21,7,8,1,0,1,1,2,2,0,0,1
Forge,Emery Welshman,90,1.98,0.07,1,1,0,0,0,23,5,10,4,0,1,1,2,2,0,0,0
Forge,Emery Welshman,74,0.7,0.0,1,0,0,0,0,24,3,14,1,0,0,0,1,1,0,0,0
Forge,Emery Welshman,90,0.11,0.64,0,0,0,0,0,24,3,19,0,1,3,3,0,0,0,0,0
Forge,Emery Welshman,87,0.06,0.0,0,0,0,0,0,18,2,10,0,0,0,0,1,0,1,0,0
Forge,Emery Welshman,50,0.65,0.03,0,0,0,0,0,13,1,7,1,0,1,1,1,1,0,0,0
Pacific,Alessandro Hojabrpour,90,0.0,0.0,0,0,0,0,0,63,45,16,0,0,0,0,0,0,0,0,0
Pacific,Alessandro Hojabrpour,90,0.09,0.44,0,0,0,0,0,61,26,24,0,1,1,1,0,0,0,0,0
Pacific,Alessandro Hojabrpour,90,0.0,0.0,0,0,0,0,0,52,28,13,0,0,0,0,0,0,0,0,0
Pacific,Alessandro Hojabrpour,90,0.0,0.0,0,0,0,0,0,52,40,5,0,0,0,0,0,0,0,0,0
Pacific,Alessandro Hojabrpour,90,0.1,0.0,0,0,0,0,0,55,21,27,0,0,0,0,1,1,0,0,1
Pacific,Alessandro Hojabrpour,90,0.0,0.04,0,0,0,0,0,52,22,20,0,0,1,1,0,0,0,0,0
Pacific,Alessandro Hojabrpour,90,0.0,0.08,0,0,0,0,0,56,30,17,0,0,2,2,0,0,0,0,0
Pacific,Alessandro Hojabrpour,90,0.0,0.03,0,0,0,0,0,50,28,17,0,0,1,1,0,0,0,0,0
Pacific,Alessandro Hojabrpour,72,0.58,0.07,0,0,0,0,0,40,18,16,1,0,2,2,0,0,0,0,0
Pacific,Alessandro Hojabrpour,90,0.02,0.0,0,0,0,0,0,43,22,15,0,0,0,0,0,0,0,0,0
Pacific,Alessandro Hojabrpour,74,0.04,0.0,0,0,0,0,0,50,27,17,0,0,0,0,0,0,0,0,0
Pacific,Alessandro Hojabrpour,90,0.02,0.0,0,0,0,0,0,42,22,9,0,0,0,0,1,0,1,0,0
Pacific,Alessandro Hojabrpour,90,0.0,0.0,0,0,0,0,0,43,14,25,0,0,0,0,0,0,0,0,0
Pacific,Alessandro Hojabrpour,79,0.0,0.05,0,0,0,0,0,36,22,11,0,0,1,1,0,0,0,0,0
Pacific,Alessandro Hojabrpour,90,0.0,0.04,0,0,0,0,0,36,22,11,0,0,0,1,0,0,0,0,0
Pacific,Alessandro Hojabrpour,90,0.0,0.1,0,0,0,0,0,35,19,10,0,0,1,2,0,0,0,0,0
Pacific,Alessandro Hojabrpour,90,0.0,0.0,0,0,0,0,0,33,12,13,0,0,0,0,0,0,0,0,0
Pacific,Alessandro Hojabrpour,90,0.0,0.04,0,0,0,0,0,27,17,7,0,0,1,1,0,0,0,0,0
Pacific,Alessandro Hojabrpour,90,0.03,0.0,0,0,0,0,0,29,11,14,0,0,0,0,0,0,0,0,0
Pacific,Alessandro Hojabrpour,31,0.03,0.0,0,0,0,0,0,26,13,9,0,0,0,0,0,0,0,0,0
Pacific,Alessandro Hojabrpour,30,0.0,0.0,0,0,0,0,0,23,8,8,0,0,0,0,0,0,0,0,0
Pacific,Alessandro Hojabrpour,5,0.0,0.0,0,0,0,0,0,3,2,0,0,0,0,0,0,0,0,0,0
Pacific,Alessandro Hojabrpour,0,0.0,0.0,0,0,0,0,0,0,0,0,0,0,0,0,0,0,0,0,0
Pacific,Alessandro Hojabrpour,0,0.0,0.0,0,0,0,0,0,0,0,0,0,0,0,0,0,0,0,0,0
Cavalry,Nico Pasquotti,90,0.11,0.03,0,0,0,0,0,20,5,10,0,0,1,1,0,0,0,0,0
Cavalry,Nico Pasquotti,90,0.06,0.68,0,0,0,0,0,26,5,13,0,1,1,1,0,0,0,0,0
Cavalry,Nico Pasquotti,90,0.1,0.06,0,0,0,0,0,22,3,14,0,0,1,1,1,1,0,0,0
Cavalry,Nico Pasquotti,90,0.67,0.93,1,0,0,1,1,26,9,11,2,1,1,1,3,3,0,0,1
Cavalry,Nico Pasquotti,90,0.0,0.03,0,0,0,0,0,21,8,6,0,0,1,1,0,0,0,0,0
Cavalry,Nico Pasquotti,90,0.06,0.49,0,0,0,0,0,30,10,15,0,1,2,2,1,1,0,0,1
Cavalry,Nico Pasquotti,90,2.0,0.03,1,0,0,0,0,33,11,10,3,0,1,1,2,2,0,0,0
Cavalry,Nico Pasquotti,90,0.11,0.03,0,0,0,0,0,24,8,11,1,0,1,1,1,1,0,0,0
Cavalry,Nico Pasquotti,90,0.11,0.03,0,0,0,0,0,23,6,12,0,0,0,1,0,0,0,0,0
Cavalry,Nico Pasquotti,90,0.38,0.0,0,0,0,0,0,27,5,15,1,1,0,0,1,1,0,0,0
Cavalry,Nico Pasquotti,90,0.23,0.42,0,0,0,0,1,21,4,13,0,1,2,2,1,1,0,0,0
Cavalry,Nico Pasquotti,90,0.0,0.05,0,0,0,0,0,16,6,6,0,0,0,1,0,0,0,0,0
Cavalry,Nico Pasquotti,90,0.0,0.0,0,0,0,0,0,19,7,6,0,0,0,0,0,0,0,0,0
Cavalry,Nico Pasquotti,75,0.87,0.07,1,0,0,0,0,17,1,9,1,0,1,1,2,2,0,0,0
Cavalry,Nico Pasquotti,90,0.18,0.28,0,0,0,0,1,18,5,8,0,0,2,2,0,0,0,0,0
Cavalry,Nico Pasquotti,90,0.0,0.18,0,0,0,0,0,21,2,14,0,0,2,4,0,0,0,0,0
Cavalry,Nico Pasquotti,82,0.14,0.0,0,0,0,0,0,25,3,13,0,1,0,1,1,1,0,0,0
Cavalry,Nico Pasquotti,60,0.0,0.0,0,0,0,0,0,15,3,8,0,0,0,0,0,0,0,0,0
Cavalry,Nico Pasquotti,90,0.05,0.14,1,0,0,0,0,17,5,8,0,0,1,1,1,1,0,0,0
Cavalry,Nico Pasquotti,68,0.05,0.1,0,0,0,0,0,15,3,5,0,0,0,2,0,0,0,0,0
Cavalry,Nico Pasquotti,70,0.36,0.0,0,0,0,0,0,19,5,11,1,0,0,0,1,1,0,0,1
Cavalry,Nico Pasquotti,90,0.0,0.0,0,0,0,0,0,7,1,2,0,0,0,0,0,0,0,0,0
Cavalry,Nico Pasquotti,34,0.31,0.0,1,0,0,0,0,6,4,1,1,0,0,0,1,1,0,0,0
Cavalry,Nico Pasquotti,19,0.0,0.04,0,0,0,0,0,7,0,6,0,0,1,1,0,0,0,0,0
Cavalry,Nico Pasquotti,5,0.0,0.0,0,0,0,0,0,2,0,0,0,0,0,0,0,0,0,0,0
Cavalry,Nico Pasquotti,0,0.0,0.0,0,0,0,0,0,0,0,0,0,0,0,0,0,0,0,0,0
Cavalry,Nico Pasquotti,0,0.0,0.0,0,0,0,0,0,0,0,0,0,0,0,0,0,0,0,0,0
Cavalry,Nico Pasquotti,0,0.0,0.0,0,0,0,0,0,0,0,0,0,0,0,0,0,0,0,0,0
York9,Rodrigo Gattas,90,1.5,0.12,0,0,0,0,0,36,15,11,2,0,1,1,3,3,0,1,0
York9,Rodrigo Gattas,90,0.46,0.42,2,0,0,1,0,41,11,21,1,1,3,3,2,2,0,0,1
York9,Rodrigo Gattas,90,0.56,0.0,1,0,0,0,0,41,12,21,1,0,0,0,3,2,1,0,1
York9,Rodrigo Gattas,90,1.33,0.5,1,1,0,0,0,31,4,16,2,1,3,3,3,2,1,0,0
York9,Rodrigo Gattas,90,0.22,0.1,0,0,0,0,0,38,8,23,0,0,2,2,1,1,0,0,0
York9,Rodrigo Gattas,90,0.22,0.0,0,0,0,0,0,33,6,20,0,0,0,0,3,3,0,0,1
York9,Rodrigo Gattas,90,0.21,0.0,3,0,0,1,0,34,11,18,0,0,0,0,3,2,1,0,1
York9,Rodrigo Gattas,90,0.07,0.04,0,0,0,0,0,39,13,20,0,0,1,1,2,1,1,0,0
York9,Rodrigo Gattas,90,0.1,0.07,0,0,0,0,0,35,8,20,0,0,2,2,3,1,2,0,0
York9,Rodrigo Gattas,82,0.74,0.0,1,0,0,0,0,41,18,17,1,0,0,0,2,1,1,0,1
York9,Rodrigo Gattas,73,0.16,0.0,0,0,0,0,0,31,8,12,0,0,0,0,1,1,0,0,1
York9,Rodrigo Gattas,90,0.04,0.09,0,0,0,0,0,29,4,17,0,0,2,2,0,0,0,0,0
York9,Rodrigo Gattas,79,0.06,0.12,0,0,0,0,0,29,9,8,0,0,1,2,1,1,0,0,1
York9,Rodrigo Gattas,74,0.26,0.0,0,0,0,0,0,25,8,9,0,0,0,0,2,1,1,0,0
York9,Rodrigo Gattas,90,1.21,0.0,1,1,0,0,0,26,8,11,2,0,0,0,1,1,0,0,0
York9,Rodrigo Gattas,85,0.13,0.0,0,0,0,0,0,31,12,13,0,0,0,0,1,1,0,0,0
York9,Rodrigo Gattas,90,0.12,0.04,0,0,0,0,0,24,8,12,0,0,1,1,1,1,0,0,0
York9,Rodrigo Gattas,90,0.35,0.18,0,0,0,0,0,18,3,12,1,0,4,4,2,2,0,0,1
York9,Rodrigo Gattas,76,0.14,0.05,0,0,0,0,0,26,6,15,0,0,1,1,1,0,1,0,0
York9,Rodrigo Gattas,71,0.11,0.0,0,0,0,0,0,27,6,14,0,0,0,0,0,0,0,0,0
York9,Rodrigo Gattas,90,0.31,0.0,0,0,0,0,0,20,3,8,1,0,0,0,1,0,1,0,0
York9,Rodrigo Gattas,45,0.06,0.25,0,0,0,0,0,23,7,13,0,1,1,1,0,0,0,0,0
York9,Rodrigo Gattas,27,0.0,0.0,0,0,0,0,0,13,5,5,0,0,0,0,0,0,0,0,0
York9,Rodrigo Gattas,29,0.0,0.0,0,0,0,0,0,12,5,2,0,0,0,0,0,0,0,0,0
York9,Rodrigo Gattas,20,0.03,0.0,0,0,0,0,0,8,2,4,0,0,0,0,0,0,0,0,0
York9,Rodrigo Gattas,14,0.79,0.0,0,0,0,0,0,7,2,4,1,0,0,0,0,0,0,0,0
York9,Rodrigo Gattas,13,0.03,0.0,0,0,0,0,0,6,1,3,0,0,0,0,0,0,0,0,0
York9,Rodrigo Gattas,10,0.0,0.0,0,0,0,0,0,4,1,2,0,0,0,0,0,0,0,0,0
Valour,Federico Peña,90,0.03,0.0,0,0,0,0,0,45,22,14,0,0,0,0,1,0,1,0,0
Valour,Federico Peña,90,0.04,0.0,0,0,0,0,0,30,10,12,0,0,0,0,0,0,0,0,0
Valour,Federico Peña,29,0.0,0.0,0,0,0,0,0,9,6,2,0,0,0,0,0,0,0,0,0
Valour,Federico Peña,59,0.0,0.43,0,0,0,0,0,8,3,0,0,1,1,1,0,0,0,0,0
Valour,Federico Peña,18,0.0,0.0,0,0,0,0,0,3,1,0,0,0,0,0,0,0,0,0,0
Valour,Federico Peña,11,0.0,0.42,0,0,0,0,0,7,0,3,0,1,1,1,0,0,0,0,0
Valour,Federico Peña,9,0.0,0.0,0,0,0,0,0,4,2,1,0,0,0,0,0,0,0,0,0
Valour,Federico Peña,9,0.0,0.0,0,0,0,0,0,1,1,0,0,0,0,0,0,0,0,0,0
Valour,Federico Peña,0,0.0,0.0,0,0,0,0,0,0,0,0,0,0,0,0,0,0,0,0,0
Valour,Federico Peña,0,0.0,0.0,0,0,0,0,0,0,0,0,0,0,0,0,0,0,0,0,0
Valour,Federico Peña,0,0.0,0.0,0,0,0,0,0,0,0,0,0,0,0,0,0,0,0,0,0
Valour,Federico Peña,0,0.0,0.0,0,0,0,0,0,0,0,0,0,0,0,0,0,0,0,0,0
Valour,Federico Peña,0,0.0,0.0,0,0,0,0,0,0,0,0,0,0,0,0,0,0,0,0,0
Forge,Christopher Nanco,90,0.11,0.1,0,0,0,0,0,30,5,18,0,0,2,2,0,0,0,0,0
Forge,Christopher Nanco,90,0.17,0.49,1,0,0,0,0,34,8,19,0,1,2,2,1,1,0,0,0
Forge,Christopher Nanco,90,0.04,0.05,0,0,0,0,0,24,5,10,0,0,1,1,1,1,0,0,0
Forge,Christopher Nanco,90,0.14,0.07,0,0,0,0,0,23,6,14,0,1,2,2,2,1,1,0,0
Forge,Christopher Nanco,89,0.33,0.1,0,0,0,0,1,23,2,14,0,0,2,2,2,2,0,0,1
Forge,Christopher Nanco,56,0.12,0.33,0,0,0,0,0,27,4,14,0,0,5,5,0,0,0,0,0
Forge,Christopher Nanco,90,0.07,0.35,0,0,0,0,0,22,3,18,0,1,1,1,1,0,1,0,0
Forge,Christopher Nanco,64,0.0,0.0,0,0,0,0,0,20,8,8,0,0,0,0,0,0,0,0,0
Forge,Christopher Nanco,46,0.47,0.03,1,0,0,0,0,17,3,9,1,1,1,1,1,1,0,0,0
Forge,Christopher Nanco,90,0.0,0.3,0,0,0,0,1,19,2,10,0,1,1,1,0,0,0,0,0
Forge,Christopher Nanco,90,0.5,0.03,1,0,0,0,0,18,2,11,1,0,1,1,2,2,0,0,0
Forge,Christopher Nanco,90,0.0,0.0,0,0,0,0,0,17,2,8,0,0,0,0,0,0,0,0,0
Forge,Christopher Nanco,67,0.12,0.6,0,0,0,0,0,15,3,6,0,1,2,2,1,1,0,0,1
Forge,Christopher Nanco,58,0.03,0.06,0,0,0,0,0,12,0,5,0,0,1,1,0,0,0,0,0
Forge,Christopher Nanco,57,0.0,0.0,0,0,0,0,0,19,6,10,0,0,0,0,0,0,0,0,0
Forge,Christopher Nanco,59,0.0,0.0,0,0,0,0,0,8,3,4,0,0,0,0,0,0,0,0,0
Forge,Christopher Nanco,67,0.02,0.0,0,0,0,0,0,6,0,2,0,0,0,0,0,0,0,0,0
Forge,Christopher Nanco,33,0.05,0.0,0,0,0,0,0,11,0,9,0,0,0,0,0,0,0,0,0
Forge,Christopher Nanco,20,0.0,0.0,0,0,0,0,0,4,1,3,0,0,0,0,0,0,0,0,0
Forge,Christopher Nanco,40,0.17,0.0,1,0,0,0,0,7,2,2,0,0,0,0,1,1,0,0,0
Forge,Christopher Nanco,21,0.0,0.0,0,0,0,0,0,9,0,8,0,0,0,0,0,0,0,0,0
Forge,Christopher Nanco,27,0.0,0.0,0,0,0,0,0,6,0,2,0,0,0,0,0,0,0,0,0
Forge,Christopher Nanco,26,0.0,0.0,0,0,0,0,0,6,3,2,0,0,0,0,0,0,0,0,0
Forge,Christopher Nanco,9,0.0,0.0,0,0,0,0,0,4,0,3,0,0,0,0,0,0,0,0,0
Forge,Christopher Nanco,21,0.0,0.0,0,0,0,0,0,5,1,2,0,0,0,0,0,0,0,0,0
Forge,Christopher Nanco,17,0.0,0.0,0,0,0,0,0,1,0,1,0,0,0,0,0,0,0,0,0
Forge,Christopher Nanco,0,0.0,0.0,0,0,0,0,0,0,0,0,0,0,0,0,0,0,0,0,0
Forge,Christopher Nanco,0,0.0,0.0,0,0,0,0,0,0,0,0,0,0,0,0,0,0,0,0,0
Forge,Christopher Nanco,0,0.0,0.0,0,0,0,0,0,0,0,0,0,0,0,0,0,0,0,0,0
Forge,Christopher Nanco,0,0.0,0.0,0,0,0,0,0,0,0,0,0,0,0,0,0,0,0,0,0
Forge,Kadell Thomas,90,0.07,0.11,1,0,0,0,0,30,7,12,0,0,1,1,1,1,0,0,0
Forge,Kadell Thomas,69,0.03,0.0,0,0,0,0,0,23,6,9,0,0,0,0,1,0,1,0,0
Forge,Kadell Thomas,73,0.1,0.0,0,0,0,0,0,20,8,9,0,0,0,0,1,0,1,0,0
Forge,Kadell Thomas,68,0.0,0.0,0,0,0,0,0,25,9,13,0,0,0,0,0,0,0,0,0
Forge,Kadell Thomas,34,0.09,0.0,1,0,0,0,0,19,0,17,0,0,0,0,2,1,1,0,0
Forge,Kadell Thomas,32,0.03,0.0,0,0,0,0,0,10,2,6,0,0,0,0,0,0,0,0,0
Forge,Kadell Thomas,44,0.04,0.0,0,0,0,0,0,9,1,4,0,0,0,0,0,0,0,0,0
Forge,Kadell Thomas,33,0.05,0.07,0,0,0,0,0,9,0,6,0,0,1,1,0,0,0,0,0
Forge,Kadell Thomas,13,0.0,0.56,0,0,0,0,1,8,0,6,0,1,1,1,0,0,0,0,0
Forge,Kadell Thomas,13,0.19,0.58,1,0,0,0,0,7,0,6,0,1,1,1,1,1,0,0,0
Forge,Kadell Thomas,18,0.07,0.0,0,0,0,0,0,11,2,4,0,0,0,0,1,1,0,0,0
Forge,Kadell Thomas,16,0.0,0.0,0,0,0,0,0,4,2,2,0,0,0,0,0,0,0,0,0
Forge,Kadell Thomas,25,0.03,0.0,0,0,0,0,0,6,0,5,0,0,0,0,0,0,0,0,0
Forge,Kadell Thomas,12,0.0,0.0,0,0,0,0,0,2,0,1,0,0,0,0,0,0,0,0,0
Forge,Kadell Thomas,0,0.0,0.0,0,0,0,0,0,0,0,0,0,0,0,0,0,0,0,0,0
Forge,Kadell Thomas,0,0.0,0.0,0,0,0,0,0,0,0,0,0,0,0,0,0,0,0,0,0
Forge,Kadell Thomas,0,0.0,0.0,0,0,0,0,0,0,0,0,0,0,0,0,0,0,0,0,0
Forge,Kadell Thomas,0,0.0,0.0,0,0,0,0,0,0,0,0,0,0,0,0,0,0,0,0,0
Forge,Kadell Thomas,1,0.0,0.0,0,0,0,0,0,0,0,0,0,0,0,0,0,0,0,0,0
Forge,Kadell Thomas,0,0.0,0.0,0,0,0,0,0,0,0,0,0,0,0,0,0,0,0,0,0
Forge,Marcel Zajac,90,0.29,0.05,0,0,0,0,0,37,6,20,0,0,1,1,2,2,0,0,1
Forge,Marcel Zajac,57,0.06,0.65,0,0,0,0,1,29,11,14,0,1,1,1,0,0,0,0,0
Forge,Marcel Zajac,62,0.18,0.63,0,0,0,0,1,30,12,16,0,1,2,2,0,0,0,0,0
Forge,Marcel Zajac,77,0.69,0.47,0,0,0,0,0,17,5,10,1,1,2,3,2,1,1,0,0
Forge,Marcel Zajac,90,0.0,0.0,0,0,0,0,0,22,4,13,0,0,0,0,0,0,0,0,0
Forge,Marcel Zajac,74,0.88,0.0,1,0,0,1,0,21,3,14,1,0,0,0,2,2,0,0,1
Forge,Marcel Zajac,77,0.58,0.07,0,0,0,0,0,17,3,8,1,0,1,1,1,1,0,0,0
Forge,Marcel Zajac,90,0.03,0.0,0,0,0,0,0,13,4,5,0,0,0,0,0,0,0,0,0
Forge,Marcel Zajac,90,0.53,0.0,0,0,0,0,0,18,6,10,1,0,0,0,0,0,0,0,0
Forge,Marcel Zajac,64,0.32,0.0,0,0,0,0,0,12,1,9,1,0,0,0,0,0,0,0,0
Forge,Marcel Zajac,69,0.57,0.06,0,0,0,0,0,15,3,10,1,0,1,1,2,2,0,0,0
Forge,Marcel Zajac,23,0.0,0.31,0,0,0,0,0,10,1,8,0,1,2,2,0,0,0,0,0
Forge,Marcel Zajac,65,0.55,0.0,0,0,0,0,0,7,2,2,1,0,0,0,0,0,0,0,0
Forge,Marcel Zajac,32,0.05,0.0,0,0,0,0,0,8,2,4,0,0,0,0,1,1,0,0,0
Forge,Marcel Zajac,15,0.05,0.0,0,0,0,0,0,8,1,6,0,0,0,0,0,0,0,0,0
Forge,Marcel Zajac,13,0.1,0.0,0,0,0,0,0,7,1,4,0,0,0,0,1,1,0,0,0
Forge,Marcel Zajac,18,0.0,0.0,0,0,0,0,0,4,0,3,0,0,0,0,0,0,0,0,0
Forge,Marcel Zajac,14,0.0,0.58,0,0,0,0,1,5,0,5,0,1,1,1,0,0,0,0,0
Forge,Marcel Zajac,16,0.07,0.03,0,0,0,0,0,2,0,1,0,0,1,1,0,0,0,0,0
Forge,Marcel Zajac,23,0.04,0.0,0,0,0,0,0,2,0,1,0,0,0,0,0,0,0,0,0
Forge,Marcel Zajac,6,0.0,0.0,0,0,0,0,0,2,0,2,1,0,0,0,0,0,0,0,0
Forge,Marcel Zajac,8,0.0,0.0,0,0,0,0,0,3,1,1,0,0,0,0,0,0,0,0,0
Forge,Marcel Zajac,0,0.0,0.0,0,0,0,0,0,0,0,0,0,0,0,0,0,0,0,0,0
Forge,Marcel Zajac,0,0.0,0.0,0,0,0,0,0,0,0,0,0,0,0,0,0,0,0,0,0
Forge,Marcel Zajac,0,0.0,0.0,0,0,0,0,0,0,0,0,0,0,0,0,0,0,0,0,0
Forge,Marcel Zajac,0,0.0,0.0,0,0,0,0,0,0,0,0,0,0,0,0,0,0,0,0,0
Forge,Marcel Zajac,0,0.0,0.0,0,0,0,0,0,0,0,0,0,0,0,0,0,0,0,0,0
Forge,Marcel Zajac,0,0.0,0.0,0,0,0,0,0,0,0,0,0,0,0,0,0,0,0,0,0
Edmonton,Marcus Velado-Tsegaye,90,0.6,0.0,1,0,0,0,0,26,8,10,1,0,0,0,1,1,0,0,0
Edmonton,Marcus Velado-Tsegaye,65,0.0,0.03,0,0,0,0,0,29,12,12,0,0,1,1,0,0,0,0,0
Edmonton,Marcus Velado-Tsegaye,59,0.07,0.0,0,0,0,0,0,12,5,4,0,0,0,0,0,0,0,0,0
Edmonton,Marcus Velado-Tsegaye,45,0.05,0.06,0,0,0,0,0,16,5,8,0,0,1,1,1,1,0,0,0
Edmonton,Marcus Velado-Tsegaye,59,0.08,0.0,0,0,0,0,0,11,3,4,0,0,0,0,0,0,0,0,0
Edmonton,Marcus Velado-Tsegaye,36,0.5,0.0,0,0,0,0,0,6,0,5,1,0,0,0,2,1,1,0,0
Edmonton,Marcus Velado-Tsegaye,24,0.0,0.0,0,0,0,0,0,11,8,1,0,0,0,0,0,0,0,0,0
Edmonton,Marcus Velado-Tsegaye,22,0.14,0.25,0,0,0,0,0,5,3,2,0,1,1,1,2,0,2,0,0
Edmonton,Marcus Velado-Tsegaye,28,0.07,0.07,0,0,0,0,1,5,2,2,0,0,0,1,0,0,0,0,0
Edmonton,Marcus Velado-Tsegaye,8,0.07,0.0,0,0,0,0,0,5,0,4,0,0,0,0,0,0,0,0,0
Edmonton,Marcus Velado-Tsegaye,15,0.0,0.0,0,0,0,0,0,5,2,2,0,0,0,0,0,0,0,0,0
Edmonton,Marcus Velado-Tsegaye,21,0.0,0.0,0,0,0,0,0,3,2,1,0,0,0,0,0,0,0,0,0
Edmonton,Marcus Velado-Tsegaye,6,0.0,0.0,0,0,0,0,0,2,0,0,0,0,0,0,0,0,0,0,0
Edmonton,Marcus Velado-Tsegaye,5,0.0,0.0,0,0,0,0,0,3,1,2,0,0,0,0,0,0,0,0,0
Edmonton,Marcus Velado-Tsegaye,2,0.0,0.0,0,0,0,0,0,1,0,1,0,0,0,0,0,0,0,0,0
Edmonton,Marcus Velado-Tsegaye,0,0.0,0.0,0,0,0,0,0,0,0,0,0,0,0,0,0,0,0,0,0
Edmonton,Marcus Velado-Tsegaye,0,0.0,0.0,0,0,0,0,0,0,0,0,0,0,0,0,0,0,0,0,0
Edmonton,Marcus Velado-Tsegaye,1,0.0,0.0,0,0,0,0,0,0,0,0,0,0,0,0,0,0,0,0,0
Edmonton,Marcus Velado-Tsegaye,0,0.0,0.0,0,0,0,0,0,0,0,0,0,0,0,0,0,0,0,0,0
Edmonton,Marcus Velado-Tsegaye,0,0.0,0.0,0,0,0,0,0,0,0,0,0,0,0,0,0,0,0,0,0
Edmonton,Marcus Velado-Tsegaye,0,0.0,0.0,0,0,0,0,0,0,0,0,0,0,0,0,0,0,0,0,0
HFX Wanderers,Tomasz Skublak,90,0.32,0.06,0,0,0,0,0,34,8,18,0,0,2,2,1,1,0,0,0
HFX Wanderers,Tomasz Skublak,90,0.11,0.26,0,0,0,0,0,26,4,17,0,0,4,4,0,0,0,0,0
HFX Wanderers,Tomasz Skublak,90,0.19,0.0,0,0,0,0,0,16,1,11,0,0,0,0,1,1,0,0,0
HFX Wanderers,Tomasz Skublak,90,0.77,0.12,0,0,0,0,0,26,10,14,2,0,2,2,1,1,0,0,0
HFX Wanderers,Tomasz Skublak,90,0.75,0.07,0,0,0,0,0,26,7,9,1,0,2,2,2,2,0,0,0
HFX Wanderers,Tomasz Skublak,90,0.24,0.09,0,0,0,0,0,31,6,14,1,0,2,2,1,1,0,0,0
HFX Wanderers,Tomasz Skublak,90,0.0,0.02,0,0,0,0,0,26,6,12,0,0,1,1,0,0,0,0,0
HFX Wanderers,Tomasz Skublak,90,1.35,0.0,1,0,0,0,0,27,11,7,2,0,0,0,2,2,0,0,0
HFX Wanderers,Tomasz Skublak,90,0.03,0.14,0,0,0,0,0,31,7,15,0,0,2,2,0,0,0,0,0
HFX Wanderers,Tomasz Skublak,84,0.08,0.04,0,0,0,0,0,25,6,12,0,0,1,1,1,0,1,0,0
HFX Wanderers,Tomasz Skublak,90,0.0,0.0,0,0,0,0,0,15,3,8,0,0,0,0,0,0,0,0,0
HFX Wanderers,Tomasz Skublak,90,0.07,0.0,0,0,0,0,0,16,7,6,0,0,0,0,1,0,1,0,0
HFX Wanderers,Tomasz Skublak,45,0.21,0.04,0,0,0,0,0,17,3,6,1,0,1,1,1,1,0,0,1
HFX Wanderers,Tomasz Skublak,76,0.02,0.0,0,0,0,0,0,22,6,8,0,0,0,0,0,0,0,0,0
HFX Wanderers,Tomasz Skublak,64,0.0,0.03,0,0,0,0,0,17,3,7,0,0,1,1,0,0,0,0,0
HFX Wanderers,Tomasz Skublak,60,0.0,0.0,0,0,0,0,0,14,6,4,0,0,0,0,0,0,0,0,0
HFX Wanderers,Tomasz Skublak,25,0.39,0.61,0,0,0,0,1,12,1,6,1,1,1,2,1,1,0,0,0
HFX Wanderers,Tomasz Skublak,12,0.0,0.0,0,0,0,0,0,10,3,3,0,0,0,0,0,0,0,0,0
HFX Wanderers,Tomasz Skublak,14,0.0,0.0,0,0,0,0,0,4,0,2,0,0,0,0,0,0,0,0,0
HFX Wanderers,Tomasz Skublak,13,0.07,0.0,0,0,0,0,0,3,1,2,0,0,0,0,0,0,0,0,0
HFX Wanderers,Tomasz Skublak,6,0.19,0.0,0,0,0,0,0,2,0,1,0,0,0,0,1,1,0,0,0
HFX Wanderers,Tomasz Skublak,0,0.0,0.0,0,0,0,0,0,0,0,0,0,0,0,0,0,0,0,0,0
HFX Wanderers,Tomasz Skublak,0,0.0,0.0,0,0,0,0,0,0,0,0,0,0,0,0,0,0,0,0,0
Edmonton,Tomi Ameobi,90,0.06,0.03,0,0,0,0,0,44,12,27,0,0,1,1,1,1,0,0,0
Edmonton,Tomi Ameobi,90,0.46,0.0,0,0,0,0,0,35,12,18,1,0,0,0,1,1,0,0,1
Edmonton,Tomi Ameobi,89,0.0,0.07,0,0,0,0,0,37,10,18,0,0,1,1,0,0,0,0,0
Edmonton,Tomi Ameobi,90,0.08,0.05,0,0,0,0,0,37,12,19,0,0,1,1,0,0,0,0,0
Edmonton,Tomi Ameobi,90,0.04,0.06,0,0,0,0,0,20,3,9,0,0,1,1,0,0,0,0,0
Edmonton,Tomi Ameobi,90,0.08,0.0,0,0,0,0,0,29,5,15,0,0,0,0,0,0,0,0,0
Edmonton,Tomi Ameobi,80,0.49,0.0,1,0,0,0,0,20,6,10,1,0,0,0,1,1,0,0,0
Edmonton,Tomi Ameobi,89,0.03,0.05,0,0,0,0,0,25,7,9,0,0,1,1,0,0,0,0,0
Edmonton,Tomi Ameobi,90,0.0,0.36,0,0,0,0,0,29,7,15,0,1,4,4,0,0,0,0,0
Edmonton,Tomi Ameobi,71,0.0,0.05,0,0,0,0,0,25,2,15,0,0,1,1,0,0,0,0,0
Edmonton,Tomi Ameobi,90,0.03,0.49,0,0,0,0,0,23,7,9,0,1,2,2,0,0,0,0,0
Edmonton,Tomi Ameobi,90,0.13,0.14,0,0,0,0,0,17,4,11,0,0,3,3,1,1,0,0,0
Edmonton,Tomi Ameobi,90,0.37,0.0,0,0,0,0,0,18,4,8,1,0,0,0,1,1,0,0,0
Edmonton,Tomi Ameobi,90,0.77,0.05,1,0,0,0,0,20,3,10,0,0,1,1,1,1,0,0,0
Edmonton,Tomi Ameobi,90,0.09,0.05,0,0,0,0,0,20,9,7,0,0,1,1,0,0,0,0,0
Edmonton,Tomi Ameobi,90,0.04,0.0,1,0,0,1,0,17,7,4,0,0,0,0,1,1,0,0,1
Edmonton,Tomi Ameobi,90,0.44,0.07,0,0,0,0,0,16,5,8,1,0,2,2,1,1,0,0,0
Edmonton,Tomi Ameobi,65,0.89,0.57,1,1,0,0,0,17,2,7,1,1,1,1,2,2,0,0,1
Edmonton,Tomi Ameobi,90,0.09,0.0,0,0,0,0,0,15,0,12,0,0,0,0,0,0,0,0,0
Edmonton,Tomi Ameobi,74,0.0,0.06,0,0,0,0,0,11,3,6,0,0,0,1,0,0,0,0,0
Edmonton,Tomi Ameobi,45,0.13,0.0,0,0,0,0,0,10,1,7,0,0,0,0,0,0,0,0,0
Edmonton,Tomi Ameobi,61,0.0,0.0,0,0,0,0,0,9,2,2,0,0,0,0,0,0,0,0,0
Edmonton,Tomi Ameobi,25,0.0,0.02,0,0,0,0,0,8,2,3,0,0,1,1,0,0,0,0,0
Edmonton,Tomi Ameobi,0,0.0,0.0,0,0,0,0,0,0,0,0,0,0,0,0,0,0,0,0,0
Valour,Svyatik Artemenko,0,0.0,0.0,0,0,0,0,0,0,0,0,0,0,0,0,0,0,0,0,0
Valour,Svyatik Artemenko,0,0.0,0.0,0,0,0,0,0,0,0,0,0,0,0,0,0,0,0,0,0
Valour,Svyatik Artemenko,0,0.0,0.0,0,0,0,0,0,0,0,0,0,0,0,0,0,0,0,0,0
Valour,Svyatik Artemenko,0,0.0,0.0,0,0,0,0,0,0,0,0,0,0,0,0,0,0,0,0,0
Valour,Svyatik Artemenko,0,0.0,0.0,0,0,0,0,0,0,0,0,0,0,0,0,0,0,0,0,0
Valour,Svyatik Artemenko,0,0.0,0.0,0,0,0,0,0,0,0,0,0,0,0,0,0,0,0,0,0
Valour,Svyatik Artemenko,0,0.0,0.0,0,0,0,0,0,0,0,0,0,0,0,0,0,0,0,0,0
Valour,Svyatik Artemenko,0,0.0,0.0,0,0,0,0,0,0,0,0,0,0,0,0,0,0,0,0,0
Valour,Svyatik Artemenko,0,0.0,0.0,0,0,0,0,0,0,0,0,0,0,0,0,0,0,0,0,0
Valour,Svyatik Artemenko,0,0.0,0.0,0,0,0,0,0,0,0,0,0,0,0,0,0,0,0,0,0
Valour,Svyatik Artemenko,0,0.0,0.0,0,0,0,0,0,0,0,0,0,0,0,0,0,0,0,0,0
Valour,Svyatik Artemenko,0,0.0,0.0,0,0,0,0,0,0,0,0,0,0,0,0,0,0,0,0,0
Valour,Svyatik Artemenko,0,0.0,0.0,0,0,0,0,0,0,0,0,0,0,0,0,0,0,0,0,0
Valour,Svyatik Artemenko,0,0.0,0.0,0,0,0,0,0,0,0,0,0,0,0,0,0,0,0,0,0
Valour,Svyatik Artemenko,0,0.0,0.0,0,0,0,0,0,0,0,0,0,0,0,0,0,0,0,0,0
Edmonton,Oumar Diouck,90,0.4,0.25,1,0,0,0,0,36,11,17,1,1,2,2,1,1,0,0,0
Edmonton,Oumar Diouck,80,0.03,0.08,0,0,0,0,0,37,9,17,0,0,2,2,0,0,0,0,0
Edmonton,Oumar Diouck,90,0.28,0.7,0,0,0,0,1,29,10,11,0,1,0,2,4,1,3,2,0
Edmonton,Oumar Diouck,90,0.36,0.03,1,0,0,0,0,38,18,15,1,0,1,1,1,1,0,0,0
Edmonton,Oumar Diouck,85,0.1,0.04,0,0,0,0,0,34,12,18,0,0,1,1,0,0,0,1,0
Edmonton,Oumar Diouck,90,0.1,0.0,0,0,0,0,0,18,4,9,0,0,0,0,0,0,0,0,0
Edmonton,Oumar Diouck,90,0.09,0.0,0,0,0,0,0,24,9,8,0,0,0,0,1,0,1,1,0
Edmonton,Oumar Diouck,90,0.02,0.0,0,0,0,0,0,30,11,14,0,0,0,0,0,0,0,0,0
Edmonton,Oumar Diouck,75,0.16,0.04,0,0,0,0,0,18,8,8,0,0,0,1,1,0,1,1,0
Edmonton,Oumar Diouck,90,0.55,0.03,0,0,0,0,0,26,2,14,1,0,1,1,0,0,0,0,0
Edmonton,Oumar Diouck,90,0.07,0.0,0,0,0,0,0,29,2,17,0,0,0,0,0,0,0,1,0
Edmonton,Oumar Diouck,88,0.48,0.0,1,0,0,0,0,24,6,12,1,0,0,0,2,2,0,0,0
Edmonton,Oumar Diouck,90,0.17,0.03,0,0,0,0,0,16,2,6,0,0,1,1,0,0,0,0,0
Edmonton,Oumar Diouck,90,0.03,0.58,0,0,0,0,0,23,4,13,0,1,3,3,0,0,0,0,0
Edmonton,Oumar Diouck,90,0.3,0.17,1,0,0,0,0,27,6,15,1,0,2,2,1,1,0,0,0
Edmonton,Oumar Diouck,84,0.51,0.15,0,0,0,0,0,24,5,13,1,0,2,2,1,0,1,0,0
Edmonton,Oumar Diouck,90,0.24,0.04,0,0,0,0,0,21,5,9,0,0,1,1,0,0,0,0,0
Edmonton,Oumar Diouck,45,0.0,0.62,0,0,0,0,0,22,4,15,0,1,3,6,0,0,0,0,0
Edmonton,Oumar Diouck,57,0.03,0.0,1,0,0,0,0,18,8,6,0,0,0,0,1,0,1,0,0
Edmonton,Oumar Diouck,67,0.07,0.58,0,0,0,0,1,17,8,7,0,1,2,2,0,0,0,0,0
Edmonton,Oumar Diouck,89,0.0,0.0,0,0,0,0,0,18,6,8,0,0,0,0,0,0,0,0,0
Edmonton,Oumar Diouck,32,0.08,0.09,0,0,0,0,0,11,2,6,0,0,2,2,0,0,0,0,0
Edmonton,Oumar Diouck,25,0.76,0.04,1,0,0,1,0,11,3,6,1,0,1,1,2,1,1,0,1
Edmonton,Oumar Diouck,45,0.07,0.0,0,0,0,0,0,12,3,6,0,0,0,0,1,1,0,0,0
Edmonton,Oumar Diouck,79,0.0,0.0,0,0,0,0,0,12,7,5,0,0,0,0,0,0,0,0,0
Edmonton,Oumar Diouck,45,0.0,0.0,0,0,0,0,0,8,1,5,0,0,0,0,0,0,0,0,0
Edmonton,Oumar Diouck,0,0.0,0.0,0,0,0,0,0,0,0,0,0,0,0,0,0,0,0,0,0
Pacific,Terran Campbell,90,0.07,0.06,0,0,0,0,0,32,10,18,0,0,1,1,0,0,0,0,0
Pacific,Terran Campbell,90,0.65,0.46,1,0,0,0,1,27,4,16,1,1,1,1,3,2,1,0,0
Pacific,Terran Campbell,69,0.11,0.03,1,0,0,0,0,23,8,10,0,0,1,1,2,1,1,0,0
Pacific,Terran Campbell,90,0.16,0.07,0,0,0,0,0,31,5,15,0,0,2,2,1,1,0,0,1
Pacific,Terran Campbell,90,0.51,0.11,0,0,0,0,0,21,5,12,1,0,2,2,1,1,0,0,0
Pacific,Terran Campbell,90,0.08,0.28,1,0,0,1,0,22,7,12,0,0,4,4,1,1,0,0,1
Pacific,Terran Campbell,90,0.12,0.07,0,0,0,0,0,28,9,15,0,0,1,1,0,0,0,0,0
Pacific,Terran Campbell,90,0.56,0.5,1,0,0,1,0,23,8,11,1,1,2,2,2,1,1,0,1
Pacific,Terran Campbell,90,0.11,0.04,0,0,0,0,0,25,4,17,0,0,1,1,1,0,1,1,0
Pacific,Terran Campbell,90,0.31,0.12,1,0,0,1,0,24,6,15,1,0,1,2,1,1,0,0,1
Pacific,Terran Campbell,85,0.5,0.07,0,0,0,0,0,18,6,7,1,0,1,1,0,0,0,0,0
Pacific,Terran Campbell,88,0.53,0.09,1,0,0,0,0,18,5,9,1,0,2,2,1,1,0,0,0
Pacific,Terran Campbell,90,0.79,0.0,1,1,0,0,0,22,9,7,1,0,0,0,1,1,0,0,0
Pacific,Terran Campbell,90,0.47,0.0,0,0,0,0,0,19,3,12,0,0,0,0,1,1,0,0,0
Pacific,Terran Campbell,90,0.82,0.13,0,0,0,0,0,18,8,6,1,0,3,3,1,1,0,0,0
Pacific,Terran Campbell,74,0.0,0.0,0,0,0,0,0,21,4,14,0,0,0,0,0,0,0,0,0
Pacific,Terran Campbell,90,0.65,0.18,1,0,0,1,0,20,4,13,1,0,3,3,1,1,0,0,1
Pacific,Terran Campbell,90,1.46,0.0,2,0,0,0,0,17,7,5,2,0,0,0,3,2,1,1,0
Pacific,Terran Campbell,71,0.04,0.49,0,0,0,0,1,16,2,8,0,1,1,1,0,0,0,0,0
Pacific,Terran Campbell,45,0.0,0.0,0,0,0,0,0,21,3,9,0,0,0,0,0,0,0,0,0
Pacific,Terran Campbell,89,0.04,0.0,0,0,0,0,0,18,3,9,0,0,0,0,0,0,0,0,0
Pacific,Terran Campbell,79,0.0,0.0,0,0,0,0,0,17,5,10,0,0,0,0,0,0,0,0,0
Pacific,Terran Campbell,90,0.63,0.03,1,0,0,0,0,15,3,10,1,0,1,1,1,1,0,0,0
Pacific,Terran Campbell,90,0.09,0.0,0,0,0,0,0,19,4,7,0,0,0,0,1,1,0,0,0
Pacific,Terran Campbell,54,0.1,0.0,0,0,0,0,0,11,2,7,0,0,0,0,0,0,0,1,0
Pacific,Terran Campbell,87,0.0,0.0,0,0,0,0,0,12,0,8,0,0,0,0,0,0,0,0,0
Pacific,Terran Campbell,68,0.0,0.14,0,0,0,0,0,16,3,9,0,0,2,2,0,0,0,0,0
Pacific,Terran Campbell,85,0.07,0.05,0,0,0,0,0,15,3,8,0,0,1,1,1,1,0,0,0
Pacific,José Hernández,86,0.22,0.0,1,0,0,1,0,25,7,11,0,0,0,0,1,1,0,0,1
Pacific,José Hernández,45,0.04,0.63,0,0,0,0,1,19,1,12,0,1,2,2,1,0,1,0,0
Pacific,José Hernández,90,0.19,0.0,0,0,0,0,0,20,9,7,0,0,0,0,1,1,0,0,1
Pacific,José Hernández,45,0.0,0.0,0,0,0,0,0,19,5,12,0,0,0,0,0,0,0,0,0
Pacific,José Hernández,74,0.0,0.09,0,0,0,0,0,18,6,10,0,0,1,1,0,0,0,0,0
Pacific,José Hernández,60,0.35,0.0,0,0,0,0,0,18,5,7,0,0,0,0,0,0,0,0,0
Pacific,José Hernández,32,0.3,0.0,0,0,0,0,0,7,0,4,1,0,0,0,1,1,0,0,0
Pacific,José Hernández,50,0.0,0.0,0,0,0,0,0,11,2,6,0,0,0,0,0,0,0,0,0
Pacific,José Hernández,28,0.21,0.54,0,0,0,0,1,9,2,4,0,1,1,1,1,1,0,0,0
Pacific,José Hernández,15,0.12,0.0,0,0,0,0,0,7,1,5,0,0,0,0,1,0,1,0,0
Pacific,José Hernández,18,0.0,0.0,0,0,0,0,0,7,2,3,0,0,0,0,0,0,0,0,0
Pacific,José Hernández,12,0.36,0.0,0,0,0,0,0,3,1,2,1,0,0,0,0,0,0,0,0
Pacific,José Hernández,18,0.0,0.0,0,0,0,0,0,6,2,2,0,0,0,0,0,0,0,0,0
Pacific,José Hernández,11,0.0,0.0,0,0,0,0,0,6,3,3,0,0,0,0,0,0,0,0,0
Pacific,José Hernández,24,0.0,0.0,0,0,0,0,0,4,2,2,0,0,0,0,0,0,0,0,0
Pacific,José Hernández,11,0.0,0.08,0,0,0,0,0,2,1,1,0,0,1,1,0,0,0,0,0
Pacific,José Hernández,15,0.05,0.0,0,0,0,0,0,5,2,3,0,0,0,0,1,1,0,0,1
Pacific,José Hernández,5,0.0,0.0,0,0,0,0,0,3,1,0,0,0,0,0,0,0,0,0,0
Pacific,José Hernández,13,0.0,0.05,0,0,0,0,0,3,1,2,0,0,1,1,0,0,0,0,0
Pacific,José Hernández,0,0.0,0.0,0,0,0,0,0,0,0,0,0,0,0,0,0,0,0,0,0
Pacific,José Hernández,0,0.0,0.0,0,0,0,0,0,0,0,0,0,0,0,0,0,0,0,0,0
Cavalry,Jordan Brown,90,0.49,0.5,0,0,0,0,0,33,10,15,1,1,1,1,1,0,1,0,0
Cavalry,Jordan Brown,90,0.33,0.03,0,0,0,0,0,30,8,18,0,0,1,1,1,1,0,0,0
Cavalry,Jordan Brown,90,0.24,0.48,0,0,0,0,0,27,6,13,0,1,5,5,0,0,0,0,0
Cavalry,Jordan Brown,90,0.04,0.0,0,0,0,0,0,21,9,9,0,0,0,0,0,0,0,0,0
Cavalry,Jordan Brown,69,0.87,0.05,1,0,0,1,0,14,2,8,2,0,0,1,2,2,0,0,1
Cavalry,Jordan Brown,90,0.16,0.0,1,0,0,0,0,13,2,8,0,0,0,0,1,1,0,0,0
Cavalry,Jordan Brown,66,0.22,0.0,0,0,0,0,0,16,4,9,0,0,0,0,0,0,0,0,0
Cavalry,Jordan Brown,90,0.17,0.0,0,0,0,0,0,14,5,6,0,0,0,0,1,1,0,0,0
Cavalry,Jordan Brown,90,0.97,0.03,0,0,0,0,0,15,4,9,1,0,1,1,1,1,0,0,0
Cavalry,Jordan Brown,90,0.49,0.0,0,0,0,0,0,17,3,12,1,0,0,0,1,1,0,0,0
Cavalry,Jordan Brown,79,0.04,0.11,0,0,0,0,0,15,2,7,0,0,1,1,0,0,0,0,0
Cavalry,Jordan Brown,90,0.53,0.41,1,0,0,0,1,14,2,7,1,1,1,1,1,1,0,0,0
Cavalry,Jordan Brown,61,0.0,0.0,0,0,0,0,0,14,5,5,0,0,0,0,0,0,0,0,0
Cavalry,Jordan Brown,73,0.0,0.08,0,0,0,0,0,11,1,5,0,0,1,1,0,0,0,0,0
Cavalry,Jordan Brown,90,0.68,0.0,0,0,0,0,0,11,4,3,1,0,0,0,2,2,0,0,0
Cavalry,Jordan Brown,23,0.16,0.6,0,0,0,0,0,7,0,4,0,1,1,1,0,0,0,0,0
Cavalry,Jordan Brown,11,1.15,0.06,0,0,0,0,0,7,2,3,1,0,0,1,1,1,0,0,0
Cavalry,Jordan Brown,14,0.0,0.38,0,0,0,0,0,3,0,1,0,1,2,2,0,0,0,0,0
Cavalry,Jordan Brown,9,0.0,0.0,0,0,0,0,0,4,1,3,0,0,0,0,0,0,0,0,0
Cavalry,Jordan Brown,16,0.0,0.0,0,0,0,0,0,2,1,1,0,0,0,0,0,0,0,0,0
Cavalry,Jordan Brown,16,0.03,0.0,1,0,0,0,0,3,1,1,0,0,0,0,1,0,1,0,0
Cavalry,Jordan Brown,22,0.4,0.4,0,0,0,0,0,3,1,2,1,1,0,1,0,0,0,0,0
Cavalry,Jordan Brown,29,0.0,0.0,0,0,0,0,0,3,2,0,0,0,0,0,0,0,0,0,0
Cavalry,Jordan Brown,1,0.0,0.0,0,0,0,0,0,1,1,0,0,0,0,0,0,0,0,0,0
Cavalry,Jordan Brown,8,0.11,0.0,0,0,0,0,0,1,0,0,0,0,0,0,0,0,0,0,0
Cavalry,Jordan Brown,0,0.0,0.0,0,0,0,0,0,0,0,0,0,0,0,0,0,0,0,0,0
Cavalry,Jordan Brown,0,0.0,0.0,0,0,0,0,0,0,0,0,0,0,0,0,0,0,0,0,0
Cavalry,Jordan Santiago,0,0.0,0.0,0,0,0,0,0,0,0,0,0,0,0,0,0,0,0,0,0
Cavalry,Dominique Malonga,90,1.56,0.0,0,0,0,0,0,35,11,17,3,0,0,0,4,4,0,0,0
Cavalry,Dominique Malonga,90,1.67,0.39,1,0,0,0,0,30,8,19,3,1,2,2,3,3,0,0,0
Cavalry,Dominique Malonga,90,0.84,0.22,0,0,0,0,0,36,8,21,1,0,1,1,1,1,0,0,0
Cavalry,Dominique Malonga,90,0.08,0.05,0,0,0,0,0,31,7,19,0,0,1,1,2,0,2,0,0
Cavalry,Dominique Malonga,90,1.87,0.1,2,0,0,0,0,22,5,13,3,0,2,2,4,4,0,0,1
Cavalry,Dominique Malonga,89,1.82,0.0,2,0,0,0,0,27,1,25,3,0,0,0,4,4,0,0,1
Cavalry,Dominique Malonga,82,0.41,0.22,2,0,0,1,0,30,8,16,1,0,1,2,2,2,0,0,1
Cavalry,Dominique Malonga,90,0.42,0.24,0,0,0,0,0,22,9,8,1,0,2,2,0,0,0,0,0
Cavalry,Dominique Malonga,90,1.77,0.0,2,0,0,0,0,25,7,15,3,0,0,0,2,2,0,0,0
Cavalry,Dominique Malonga,90,0.0,0.82,0,0,0,0,0,25,7,11,0,1,1,1,0,0,0,0,0
Cavalry,Dominique Malonga,90,1.11,0.46,1,1,0,0,0,25,5,14,2,1,2,2,2,2,0,0,0
Cavalry,Dominique Malonga,90,0.37,0.06,0,0,0,0,0,21,6,10,1,0,1,1,1,1,0,0,0
Cavalry,Dominique Malonga,84,0.11,0.0,0,0,0,0,0,14,4,7,0,0,0,0,0,0,0,0,0
Cavalry,Dominique Malonga,74,0.43,0.04,0,0,0,0,0,15,6,9,1,0,0,1,1,0,1,0,0
Cavalry,Dominique Malonga,90,0.8,0.0,0,0,0,0,0,17,2,11,2,0,0,0,0,0,0,0,0
Cavalry,Dominique Malonga,82,0.49,0.67,0,0,0,0,1,16,4,9,1,1,1,1,1,1,0,0,0
Cavalry,Dominique Malonga,78,0.03,0.0,0,0,0,0,0,24,6,12,0,0,0,0,0,0,0,0,0
Cavalry,Dominique Malonga,68,0.05,0.0,0,0,0,0,0,15,3,9,0,0,0,0,0,0,0,0,0
Cavalry,Dominique Malonga,76,0.15,0.06,0,0,0,0,0,15,3,11,0,0,2,2,1,1,0,0,0
Cavalry,Dominique Malonga,56,0.16,0.0,1,0,0,0,0,17,7,6,0,0,0,0,2,1,1,0,0
Cavalry,Dominique Malonga,79,0.72,0.0,0,0,0,0,0,14,5,5,1,0,0,0,1,1,0,0,0
Cavalry,Dominique Malonga,82,0.0,0.0,0,0,0,0,0,11,2,6,0,0,0,0,0,0,0,0,0
Cavalry,Dominique Malonga,61,0.05,0.0,0,0,0,0,0,5,2,1,0,0,0,0,0,0,0,0,0
Cavalry,Dominique Malonga,29,0.05,0.23,0,0,0,0,0,6,1,5,0,1,1,1,1,1,0,0,0
Cavalry,Dominique Malonga,20,0.07,0.0,0,0,0,0,0,6,1,4,0,0,0,0,0,0,0,0,0
Cavalry,Dominique Malonga,11,0.51,0.0,0,0,0,0,0,2,1,1,1,0,0,0,2,1,1,0,0
Cavalry,Dominique Malonga,0,0.0,0.0,0,0,0,0,0,0,0,0,0,0,0,0,0,0,0,0,0
Edmonton,Easton Ongaro,90,2.77,0.46,2,0,0,0,1,22,6,10,6,1,2,2,7,5,2,1,1
Edmonton,Easton Ongaro,90,0.07,0.22,0,0,0,0,0,32,8,14,0,0,3,3,0,0,0,1,0
Edmonton,Easton Ongaro,90,0.74,0.0,1,0,0,0,0,22,3,16,1,0,0,0,1,1,0,0,0
Edmonton,Easton Ongaro,90,0.63,0.09,1,0,0,0,0,18,6,8,0,0,1,1,2,2,0,0,0
Edmonton,Easton Ongaro,90,1.01,0.0,1,0,0,0,0,19,4,11,1,0,0,0,2,2,0,0,1
Edmonton,Easton Ongaro,80,0.12,0.0,0,0,0,0,0,16,1,8,0,0,0,0,0,0,0,0,0
Edmonton,Easton Ongaro,90,0.11,0.0,1,0,0,1,0,20,3,13,0,0,0,0,1,1,0,0,1
Edmonton,Easton Ongaro,90,0.69,0.0,1,0,0,1,0,14,1,11,1,0,0,0,2,2,0,0,1
Edmonton,Easton Ongaro,90,0.63,0.0,0,0,0,0,0,11,2,4,1,0,0,0,1,1,0,0,0
Edmonton,Easton Ongaro,29,0.12,0.27,0,0,0,0,1,13,3,7,0,1,1,1,0,0,0,0,0
Edmonton,Easton Ongaro,45,0.79,0.07,1,0,0,0,0,13,3,5,1,0,1,1,2,2,0,0,0
Edmonton,Easton Ongaro,65,0.0,0.0,0,0,0,0,0,8,4,3,0,0,0,0,0,0,0,0,0
Edmonton,Easton Ongaro,72,0.41,0.05,1,0,0,0,0,9,2,6,1,0,0,1,1,1,0,0,0
Edmonton,Easton Ongaro,45,0.0,0.0,0,0,0,0,0,5,1,1,0,0,0,0,0,0,0,0,0
Edmonton,Easton Ongaro,10,0.0,0.0,0,0,0,0,0,6,1,3,0,0,0,0,0,0,0,0,0
Edmonton,Easton Ongaro,19,0.27,0.0,1,0,0,1,0,7,1,2,1,0,0,0,1,1,0,0,1
Edmonton,Easton Ongaro,14,0.04,0.1,0,0,0,0,0,3,0,3,0,0,0,1,0,0,0,0,0
Edmonton,Easton Ongaro,23,0.0,0.04,0,0,0,0,0,4,1,3,0,0,1,1,0,0,0,0,0
Edmonton,Easton Ongaro,19,0.05,0.0,0,0,0,0,0,2,0,2,0,0,0,0,0,0,0,0,0
Edmonton,Easton Ongaro,10,0.0,0.0,0,0,0,0,0,2,1,1,0,0,0,0,0,0,0,0,0
Edmonton,Easton Ongaro,16,0.0,0.0,0,0,0,0,0,3,1,2,0,0,0,0,0,0,0,0,0
Edmonton,Easton Ongaro,0,0.0,0.0,0,0,0,0,0,0,0,0,0,0,0,0,0,0,0,0,0
Edmonton,Easton Ongaro,0,0.0,0.0,0,0,0,0,0,0,0,0,0,0,0,0,0,0,0,0,0
HFX Wanderers,Luis Alberto Perea,90,0.14,0.0,0,0,0,0,0,33,5,19,0,0,0,0,1,0,1,0,0
HFX Wanderers,Luis Alberto Perea,90,0.64,0.12,1,0,0,0,0,27,10,10,2,0,3,3,2,1,1,0,0
HFX Wanderers,Luis Alberto Perea,76,0.79,0.04,1,1,0,0,0,27,11,12,1,0,1,1,1,1,0,0,0
HFX Wanderers,Luis Alberto Perea,90,0.08,0.1,0,0,0,0,0,29,5,18,0,0,1,1,2,1,1,0,1
HFX Wanderers,Luis Alberto Perea,90,0.0,0.0,0,0,0,0,0,31,14,10,0,0,0,0,0,0,0,0,0
HFX Wanderers,Luis Alberto Perea,78,0.0,0.0,0,0,0,0,0,20,4,12,0,0,0,0,0,0,0,0,0
HFX Wanderers,Luis Alberto Perea,84,0.82,0.0,1,1,0,0,0,25,7,9,1,0,0,0,2,1,1,0,0
HFX Wanderers,Luis Alberto Perea,90,0.2,0.37,0,0,0,0,1,25,10,9,0,1,1,2,0,0,0,0,0
HFX Wanderers,Luis Alberto Perea,63,0.48,0.0,0,0,0,0,0,19,5,7,1,0,0,0,1,1,0,0,0
HFX Wanderers,Luis Alberto Perea,90,0.0,0.18,0,0,0,0,0,26,2,17,0,0,3,3,0,0,0,0,0
HFX Wanderers,Luis Alberto Perea,66,0.06,0.03,0,0,0,0,0,22,3,13,0,0,1,1,1,1,0,0,0
HFX Wanderers,Luis Alberto Perea,15,0.04,0.03,0,0,0,0,0,7,2,4,0,0,1,1,0,0,0,0,0
HFX Wanderers,Luis Alberto Perea,15,0.0,0.0,0,0,0,0,0,8,3,4,0,0,0,0,0,0,0,0,0
HFX Wanderers,Luis Alberto Perea,71,0.09,0.0,0,0,0,0,0,1,0,0,0,0,0,0,0,0,0,0,0
HFX Wanderers,Luis Alberto Perea,6,0.1,0.0,0,0,0,0,0,2,1,1,0,0,0,0,1,1,0,0,0
HFX Wanderers,Luis Alberto Perea,0,0.0,0.0,0,0,0,0,0,0,0,0,0,0,0,0,0,0,0,0,0
HFX Wanderers,Luis Alberto Perea,0,0.0,0.0,0,0,0,0,0,0,0,0,0,0,0,0,0,0,0,0,0
York9,Simon Karlsson Adjei,89,0.48,0.1,0,0,0,0,0,31,10,13,1,0,2,2,0,0,0,0,0
York9,Simon Karlsson Adjei,90,1.19,0.06,1,0,0,0,0,31,6,18,2,0,2,2,3,3,0,0,0
York9,Simon Karlsson Adjei,90,0.4,0.05,0,0,0,0,0,28,11,10,1,0,1,1,0,0,0,0,0
York9,Simon Karlsson Adjei,90,1.27,0.1,2,0,0,0,0,22,3,11,2,0,3,3,2,2,0,0,0
York9,Simon Karlsson Adjei,90,0.11,0.07,0,0,0,0,1,25,6,9,0,0,1,1,0,0,0,0,0
York9,Simon Karlsson Adjei,83,0.9,0.04,0,0,0,0,0,15,3,10,1,0,1,1,0,0,0,0,0
York9,Simon Karlsson Adjei,70,0.33,0.28,0,0,0,0,1,17,9,6,0,1,1,1,0,0,0,0,0
York9,Simon Karlsson Adjei,71,0.3,0.04,0,0,0,0,0,18,7,6,0,0,1,1,2,2,0,0,1
York9,Simon Karlsson Adjei,90,0.84,0.11,1,0,0,0,0,19,6,6,1,0,1,1,2,2,0,0,0
York9,Simon Karlsson Adjei,55,0.23,0.0,0,0,0,0,0,20,6,7,0,0,0,0,1,1,0,0,0
York9,Simon Karlsson Adjei,90,0.03,0.11,0,0,0,0,0,16,4,9,0,0,0,1,0,0,0,0,0
York9,Simon Karlsson Adjei,75,0.13,0.0,0,0,0,0,0,14,6,3,0,0,0,0,0,0,0,0,0
York9,Simon Karlsson Adjei,80,0.04,0.0,0,0,0,0,0,16,4,10,0,0,0,0,0,0,0,0,0
York9,Simon Karlsson Adjei,64,0.3,0.05,0,0,0,0,0,10,1,7,0,0,1,1,1,1,0,0,0
York9,Simon Karlsson Adjei,73,0.24,0.0,1,0,0,0,0,11,1,6,1,0,0,0,1,0,1,0,0
York9,Simon Karlsson Adjei,31,0.03,0.05,0,0,0,0,0,9,2,4,0,0,1,1,0,0,0,0,0
York9,Simon Karlsson Adjei,59,0.02,0.06,0,0,0,0,0,14,2,8,0,0,0,1,0,0,0,0,0
York9,Simon Karlsson Adjei,45,0.08,0.11,0,0,0,0,0,7,1,3,0,0,2,2,1,0,1,0,0
York9,Simon Karlsson Adjei,24,0.15,0.0,1,0,0,0,0,8,3,4,0,0,0,0,1,1,0,0,0
York9,Simon Karlsson Adjei,23,0.05,0.0,0,0,0,0,0,4,0,4,0,0,0,0,1,1,0,0,0
York9,Simon Karlsson Adjei,1,0.29,0.0,1,0,0,0,0,3,1,1,1,0,0,0,1,1,0,0,0
York9,Simon Karlsson Adjei,16,0.0,0.03,0,0,0,0,0,1,0,1,0,0,1,1,0,0,0,0,0
York9,Simon Karlsson Adjei,11,0.14,0.22,0,0,0,0,0,1,0,1,0,0,1,1,0,0,0,0,0
York9,Simon Karlsson Adjei,12,0.0,0.0,0,0,0,0,0,1,0,0,0,0,0,0,0,0,0,0,0
York9,Simon Karlsson Adjei,0,0.0,0.0,0,0,0,0,0,0,0,0,0,0,0,0,0,0,0,0,0
York9,Simon Karlsson Adjei,0,0.0,0.0,0,0,0,0,0,0,0,0,0,0,0,0,0,0,0,0,0
Pacific,Marcus Haber,90,0.98,0.26,0,0,0,0,0,28,9,12,1,0,3,3,2,2,0,0,2
Pacific,Marcus Haber,90,0.07,0.0,0,0,0,0,0,21,4,9,0,0,0,0,0,0,0,0,0
Pacific,Marcus Haber,90,1.57,0.07,1,0,0,1,0,25,5,10,3,0,1,1,1,1,0,0,1
Pacific,Marcus Haber,90,0.06,0.22,0,0,0,0,0,27,5,6,0,0,2,2,0,0,0,0,0
Pacific,Marcus Haber,90,0.0,0.02,0,0,0,0,0,21,3,10,0,0,1,1,0,0,0,0,0
Pacific,Marcus Haber,30,0.52,0.78,0,0,0,0,0,9,1,3,1,1,1,2,1,1,0,0,0
Pacific,Marcus Haber,44,0.0,0.0,0,0,0,0,0,9,2,2,0,0,0,0,0,0,0,0,0
Pacific,Marcus Haber,35,0.0,0.0,0,0,0,0,0,10,3,4,0,0,0,0,0,0,0,0,0
Pacific,Marcus Haber,28,0.0,0.0,0,0,0,0,0,7,0,4,0,0,0,0,0,0,0,0,0
Pacific,Marcus Haber,29,0.88,0.0,2,1,0,1,0,5,0,3,1,0,0,0,2,2,0,0,1
Pacific,Marcus Haber,29,0.11,0.0,0,0,0,0,0,5,2,1,0,0,0,0,0,0,0,0,0
Pacific,Marcus Haber,36,0.0,0.0,0,0,0,0,0,8,4,2,0,0,0,0,0,0,0,0,0
Pacific,Marcus Haber,22,0.0,0.0,0,0,0,0,0,2,0,1,0,0,0,0,0,0,0,0,0
Pacific,Marcus Haber,0,0.0,0.0,0,0,0,0,0,0,0,0,0,0,0,0,0,0,0,0,0
Cavalry,Oliver Minatel,90,0.37,1.39,1,0,0,1,1,25,6,16,1,2,2,2,2,1,1,0,1
Cavalry,Oliver Minatel,79,0.0,0.05,0,0,0,0,0,16,6,8,0,0,1,1,0,0,0,0,0
Cavalry,Oliver Minatel,81,0.07,0.52,0,0,0,0,0,24,7,8,0,1,3,3,0,0,0,0,0
Cavalry,Oliver Minatel,90,0.57,0.09,1,0,0,0,0,26,11,10,2,0,2,2,1,1,0,0,0
Cavalry,Oliver Minatel,82,0.85,0.05,1,0,0,0,0,28,12,16,1,0,1,1,1,1,0,0,0
Cavalry,Oliver Minatel,90,0.05,0.0,0,0,0,0,0,26,7,10,0,0,0,0,0,0,0,0,0
Cavalry,Oliver Minatel,90,0.55,0.03,0,0,0,0,0,19,4,9,1,0,1,1,0,0,0,0,0
Cavalry,Oliver Minatel,83,0.13,0.0,0,0,0,0,0,17,7,7,0,0,0,0,0,0,0,0,0
Cavalry,Oliver Minatel,90,0.08,0.0,0,0,0,0,0,16,7,5,0,0,0,0,0,0,0,0,0
Cavalry,Oliver Minatel,90,0.05,0.04,0,0,0,0,0,21,7,9,0,0,1,1,1,1,0,0,0
Cavalry,Oliver Minatel,89,0.17,0.07,0,0,0,0,0,17,5,7,0,0,1,1,1,1,0,0,0
Cavalry,Oliver Minatel,90,1.28,0.42,1,0,0,0,0,18,1,13,2,1,2,2,1,1,0,0,0
Cavalry,Oliver Minatel,90,0.86,0.08,2,0,0,1,0,17,3,12,2,0,1,1,2,2,0,0,1
Cavalry,Oliver Minatel,79,0.33,0.0,0,0,0,0,0,21,8,10,1,0,0,0,1,1,0,0,0
Cavalry,Oliver Minatel,90,0.23,0.0,0,0,0,0,0,17,2,7,0,0,0,0,0,0,0,0,0
Cavalry,Oliver Minatel,45,0.0,0.05,0,0,0,0,0,11,1,2,0,0,0,1,0,0,0,0,0
Cavalry,Oliver Minatel,28,0.09,0.0,0,0,0,0,0,7,0,6,0,0,0,0,0,0,0,0,0
Cavalry,Oliver Minatel,11,0.36,0.0,0,0,0,0,0,6,2,0,1,0,0,0,1,1,0,0,1
Cavalry,Oliver Minatel,22,0.53,0.0,1,0,0,0,0,6,2,4,1,0,0,0,1,1,0,0,0
Cavalry,Oliver Minatel,21,0.0,0.0,0,0,0,0,0,3,2,1,0,0,0,0,0,0,0,0,0
Cavalry,Oliver Minatel,17,0.07,0.0,0,0,0,0,0,5,1,3,0,0,0,0,0,0,0,0,0
Cavalry,Oliver Minatel,11,0.0,0.0,0,0,0,0,0,6,2,2,0,0,0,0,0,0,0,0,0
Cavalry,Oliver Minatel,1,0.0,0.0,0,0,0,0,0,1,0,0,0,0,0,0,0,0,0,0,0
Cavalry,Oliver Minatel,0,0.0,0.0,0,0,0,0,0,0,0,0,0,0,0,0,0,0,0,0,0
Cavalry,Oliver Minatel,0,0.0,0.0,0,0,0,0,0,0,0,0,0,0,0,0,0,0,0,0,0
Cavalry,Oliver Minatel,8,0.0,0.0,0,0,0,0,0,0,0,0,0,0,0,0,0,0,0,0,0
Cavalry,Oliver Minatel,0,0.0,0.0,0,0,0,0,0,0,0,0,0,0,0,0,0,0,0,0,0
Cavalry,Oliver Minatel,0,0.0,0.0,0,0,0,0,0,0,0,0,0,0,0,0,0,0,0,0,0
Valour,Tyler Attardo,90,0.05,0.38,0,0,0,0,0,19,1,7,0,1,1,2,1,1,0,0,1
Valour,Tyler Attardo,86,0.07,0.1,0,0,0,0,0,15,6,4,0,0,1,1,1,1,0,0,0
Valour,Tyler Attardo,90,0.11,0.08,0,0,0,0,0,15,5,5,0,0,1,1,1,0,1,0,0
Valour,Tyler Attardo,90,0.11,0.0,0,0,0,0,0,12,2,3,0,0,0,0,0,0,0,0,0
Valour,Tyler Attardo,65,0.0,0.0,0,0,0,0,0,12,5,4,0,0,0,0,0,0,0,0,0
Valour,Tyler Attardo,57,0.05,0.0,0,0,0,0,0,12,3,4,0,0,0,0,0,0,0,0,0
Valour,Tyler Attardo,90,0.51,0.0,0,0,0,0,0,5,1,3,1,0,0,0,1,0,1,0,0
Valour,Tyler Attardo,81,0.15,0.0,1,0,0,1,0,8,1,6,0,0,0,0,2,2,0,0,1
Valour,Tyler Attardo,74,0.65,0.06,2,0,0,1,0,9,0,7,2,0,1,1,2,2,0,0,1
Valour,Tyler Attardo,75,0.85,0.03,1,0,0,1,0,5,0,3,2,0,1,1,1,1,0,0,1
Valour,Tyler Attardo,45,0.79,0.0,1,0,0,0,0,4,1,2,1,0,0,0,1,1,0,0,0
Valour,Tyler Attardo,26,0.16,0.0,0,0,0,0,0,6,0,3,0,0,0,0,0,0,0,0,0
Valour,Tyler Attardo,27,0.75,0.0,1,0,0,0,0,7,0,2,1,0,0,0,1,1,0,0,0
Valour,Tyler Attardo,22,0.0,0.0,0,0,0,0,0,6,0,5,0,0,0,0,0,0,0,0,0
Valour,Tyler Attardo,6,0.0,0.0,0,0,0,0,0,3,1,1,0,0,0,0,0,0,0,0,0
Valour,Tyler Attardo,25,0.05,0.06,0,0,0,0,0,4,1,0,0,0,0,1,0,0,0,0,0
Valour,Tyler Attardo,15,0.0,0.0,0,0,0,0,0,6,1,5,0,0,0,0,0,0,0,0,0
Valour,Tyler Attardo,16,0.07,0.0,0,0,0,0,0,3,1,1,0,0,0,0,0,0,0,0,0
Valour,Tyler Attardo,8,0.0,0.0,0,0,0,0,0,2,1,0,0,0,0,0,0,0,0,0,0
Valour,Tyler Attardo,11,0.0,0.0,0,0,0,0,0,1,0,0,0,0,0,0,0,0,0,0,0
Edmonton,Ajeej Sarkaria,90,0.16,0.0,0,0,0,0,0,28,8,11,0,0,0,0,0,0,0,0,0
Edmonton,Ajeej Sarkaria,85,0.05,0.0,0,0,0,0,0,26,10,11,0,0,0,0,0,0,0,0,0
Edmonton,Ajeej Sarkaria,45,0.0,0.0,0,0,0,0,0,23,9,8,0,0,0,0,0,0,0,0,0
Edmonton,Ajeej Sarkaria,78,0.0,0.36,0,0,0,0,1,19,4,13,0,1,1,1,0,0,0,0,0
Edmonton,Ajeej Sarkaria,74,0.52,0.04,0,0,0,0,0,16,5,9,1,0,1,1,1,1,0,0,0
Edmonton,Ajeej Sarkaria,90,0.0,0.0,0,0,0,0,0,14,4,5,0,0,0,0,0,0,0,0,0
Edmonton,Ajeej Sarkaria,45,0.17,0.0,0,0,0,0,0,13,6,5,0,0,0,0,1,0,1,0,0
Edmonton,Ajeej Sarkaria,45,0.0,0.0,0,0,0,0,0,5,0,2,0,0,0,0,0,0,0,0,0
Edmonton,Ajeej Sarkaria,9,0.0,0.0,0,0,0,0,0,1,1,0,0,0,0,0,0,0,0,0,0
Edmonton,Ajeej Sarkaria,5,0.0,0.0,0,0,0,0,0,1,0,0,0,0,0,0,0,0,0,0,0
Edmonton,Ajeej Sarkaria,0,0.0,0.0,0,0,0,0,0,0,0,0,0,0,0,0,0,0,0,0,0
Edmonton,Ajeej Sarkaria,0,0.0,0.0,0,0,0,0,0,0,0,0,0,0,0,0,0,0,0,0,0
Edmonton,Ajeej Sarkaria,0,0.0,0.0,0,0,0,0,0,0,0,0,0,0,0,0,0,0,0,0,0
Edmonton,Ajeej Sarkaria,0,0.0,0.0,0,0,0,0,0,0,0,0,0,0,0,0,0,0,0,0,0
Edmonton,Ajeej Sarkaria,0,0.0,0.0,0,0,0,0,0,0,0,0,0,0,0,0,0,0,0,0,0
Edmonton,Ajeej Sarkaria,0,0.0,0.0,0,0,0,0,0,0,0,0,0,0,0,0,0,0,0,0,0
Edmonton,Ajeej Sarkaria,0,0.0,0.0,0,0,0,0,0,0,0,0,0,0,0,0,0,0,0,0,0
Edmonton,Ajeej Sarkaria,0,0.0,0.0,0,0,0,0,0,0,0,0,0,0,0,0,0,0,0,0,0
Edmonton,Ajeej Sarkaria,0,0.0,0.0,0,0,0,0,0,0,0,0,0,0,0,0,0,0,0,0,0
Forge,Anthony Novak,63,0.73,0.07,1,0,0,0,0,20,4,7,1,0,0,1,2,2,0,0,0
Forge,Anthony Novak,90,0.24,0.32,0,0,0,0,0,19,5,9,1,1,1,1,1,1,0,0,0
Forge,Anthony Novak,58,0.1,0.0,1,0,0,0,0,18,3,5,0,0,0,0,1,1,0,0,0
Forge,Anthony Novak,90,0.54,0.32,1,0,0,0,0,17,5,9,1,1,2,2,1,1,0,0,0
Forge,Anthony Novak,82,0.56,0.02,1,0,0,0,0,20,3,10,1,0,1,1,1,1,0,0,0
Forge,Anthony Novak,90,0.59,0.07,2,0,0,0,1,18,4,6,2,0,1,1,4,3,1,0,0
Forge,Anthony Novak,80,0.23,0.18,0,0,0,0,0,17,1,12,1,0,2,3,0,0,0,0,0
Forge,Anthony Novak,71,0.0,0.05,0,0,0,0,0,13,4,6,0,0,1,1,0,0,0,0,0
Forge,Anthony Novak,75,0.15,0.0,0,0,0,0,0,12,3,5,0,0,0,0,2,1,1,0,0
Forge,Anthony Novak,90,0.0,0.0,0,0,0,0,0,15,4,5,0,0,0,0,0,0,0,0,0
Forge,Anthony Novak,86,0.0,0.0,0,0,0,0,0,12,2,6,0,0,0,0,0,0,0,0,0
Forge,Anthony Novak,67,0.03,0.27,0,0,0,0,0,14,2,8,0,1,1,1,0,0,0,0,0
Forge,Anthony Novak,58,0.0,0.0,0,0,0,0,0,13,2,9,0,0,0,0,0,0,0,0,0
Forge,Anthony Novak,33,0.19,0.89,0,0,0,0,1,14,3,6,0,1,1,1,1,1,0,0,0
Forge,Anthony Novak,16,0.0,0.0,0,0,0,0,0,9,0,6,0,0,0,0,0,0,0,0,0
Forge,Anthony Novak,25,0.09,0.38,0,0,0,0,1,6,1,2,0,1,1,1,0,0,0,0,0
Forge,Anthony Novak,13,0.0,0.03,0,0,0,0,0,5,0,3,0,0,1,1,0,0,0,0,0
Forge,Anthony Novak,25,0.0,0.0,0,0,0,0,0,5,0,3,0,0,0,0,0,0,0,0,0
Forge,Anthony Novak,0,0.0,0.0,0,0,0,0,0,0,0,0,0,0,0,0,0,0,0,0,0
Forge,Anthony Novak,0,0.0,0.0,0,0,0,0,0,0,0,0,0,0,0,0,0,0,0,0,0
Forge,Anthony Novak,0,0.0,0.0,0,0,0,0,0,0,0,0,0,0,0,0,0,0,0,0,0
Forge,Anthony Novak,0,0.0,0.0,0,0,0,0,0,0,0,0,0,0,0,0,0,0,0,0,0
Cavalry,Gabriel Bitar,90,0.72,0.1,0,0,0,0,0,16,6,8,2,0,2,2,4,1,3,0,0
Cavalry,Gabriel Bitar,0,0.0,0.0,0,0,0,0,0,0,0,0,0,0,0,0,0,0,0,0,0
Cavalry,Gabriel Bitar,0,0.0,0.0,0,0,0,0,0,0,0,0,0,0,0,0,0,0,0,0,0
Cavalry,Gabriel Bitar,0,0.0,0.0,0,0,0,0,0,0,0,0,0,0,0,0,0,0,0,0,0
Cavalry,Gabriel Bitar,0,0.0,0.0,0,0,0,0,0,0,0,0,0,0,0,0,0,0,0,0,0
Cavalry,Gabriel Bitar,0,0.0,0.0,0,0,0,0,0,0,0,0,0,0,0,0,0,0,0,0,0
Cavalry,Gabriel Bitar,0,0.0,0.0,0,0,0,0,0,0,0,0,0,0,0,0,0,0,0,0,0
Valour,Michele Paolucci,84,0.04,0.57,1,0,0,0,0,25,7,7,0,1,1,1,1,0,1,0,0
Valour,Michele Paolucci,90,0.0,0.09,0,0,0,0,1,17,1,8,0,0,2,2,0,0,0,0,0
Valour,Michele Paolucci,90,0.04,0.04,0,0,0,0,0,23,14,4,0,0,1,1,0,0,0,0,0
Valour,Michele Paolucci,90,0.73,0.0,1,0,0,0,0,21,4,14,1,0,0,0,1,1,0,0,0
Valour,Michele Paolucci,76,0.0,0.0,0,0,0,0,0,15,5,4,0,0,0,0,0,0,0,0,0
Valour,Michele Paolucci,90,0.69,0.0,1,0,0,0,0,14,3,7,1,0,0,0,2,2,0,0,0
Valour,Michele Paolucci,90,0.19,0.0,0,0,0,0,0,12,4,1,0,0,0,0,1,0,1,0,0
Valour,Michele Paolucci,90,0.17,0.09,0,0,0,0,0,10,2,4,0,0,1,1,1,0,1,0,0
Valour,Michele Paolucci,89,0.21,0.08,0,0,0,0,1,11,1,5,0,0,1,1,2,2,0,0,0
Valour,Michele Paolucci,65,0.19,0.0,0,0,0,0,0,10,4,2,0,0,0,0,0,0,0,0,0
Valour,Michele Paolucci,90,0.05,0.0,0,0,0,0,0,8,4,2,0,0,0,0,1,1,0,0,0
Valour,Michele Paolucci,76,0.57,0.0,0,0,0,0,0,6,1,2,0,0,0,0,1,1,0,0,0
Valour,Michele Paolucci,63,0.13,0.0,0,0,0,0,0,9,4,3,0,0,0,0,1,0,1,0,0
Valour,Michele Paolucci,30,0.0,0.0,0,0,0,0,0,7,3,3,0,0,0,0,0,0,0,0,0
Valour,Michele Paolucci,26,0.04,0.0,0,0,0,0,0,3,1,0,0,0,0,0,0,0,0,0,0
Valour,Michele Paolucci,0,0.0,0.0,0,0,0,0,0,0,0,0,0,0,0,0,0,0,0,0,0
Valour,Michele Paolucci,0,0.0,0.0,0,0,0,0,0,0,0,0,0,0,0,0,0,0,0,0,0
Valour,Stephen Hoyle,74,0.69,0.04,0,0,0,0,0,19,6,10,1,0,1,1,1,1,0,0,0
Valour,Stephen Hoyle,66,0.93,0.05,1,0,0,0,0,22,1,10,1,0,1,1,1,1,0,0,0
Valour,Stephen Hoyle,28,0.0,0.0,0,0,0,0,0,13,1,8,0,0,0,0,0,0,0,0,0
Valour,Stephen Hoyle,29,0.42,0.0,0,0,0,0,0,3,0,3,1,0,0,0,0,0,0,0,0
Valour,Stephen Hoyle,16,0.0,0.03,0,0,0,0,0,1,0,1,0,0,0,1,0,0,0,0,0
Valour,Stephen Hoyle,24,0.0,0.0,0,0,0,0,0,1,0,1,0,0,0,0,0,0,0,0,0
Valour,Stephen Hoyle,0,0.0,0.0,0,0,0,0,0,0,0,0,0,0,0,0,0,0,0,0,0
Valour,Stephen Hoyle,0,0.0,0.0,0,0,0,0,0,0,0,0,0,0,0,0,0,0,0,0,0
Cavalry,Victor Loturi,77,0.36,0.0,0,0,0,0,0,26,16,7,1,0,0,0,0,0,0,0,0
Cavalry,Victor Loturi,60,0.0,0.0,0,0,0,0,0,23,15,3,0,0,0,0,0,0,0,0,0
Cavalry,Victor Loturi,0,0.0,0.0,0,0,0,0,0,0,0,0,0,0,0,0,0,0,0,0,0
Cavalry,Victor Loturi,0,0.0,0.0,0,0,0,0,0,0,0,0,0,0,0,0,0,0,0,0,0
Cavalry,Victor Loturi,0,0.0,0.0,0,0,0,0,0,0,0,0,0,0,0,0,0,0,0,0,0
Cavalry,Victor Loturi,0,0.0,0.0,0,0,0,0,0,0,0,0,0,0,0,0,0,0,0,0,0
Cavalry,Victor Loturi,0,0.0,0.0,0,0,0,0,0,0,0,0,0,0,0,0,0,0,0,0,0
Cavalry,Victor Loturi,0,0.0,0.0,0,0,0,0,0,0,0,0,0,0,0,0,0,0,0,0,0
York9,Cyrus Rollocks,90,0.08,0.0,0,0,0,0,0,11,0,4,0,0,0,0,0,0,0,0,0
York9,Cyrus Rollocks,90,0.0,0.71,0,0,0,0,0,12,3,3,0,1,1,1,0,0,0,0,0
York9,Cyrus Rollocks,67,0.45,0.13,0,0,0,0,0,13,8,3,1,0,3,3,0,0,0,0,0
York9,Cyrus Rollocks,15,0.0,0.0,0,0,0,0,0,4,0,0,0,0,0,0,0,0,0,0,0
York9,Cyrus Rollocks,14,0.05,0.0,0,0,0,0,0,3,0,1,0,0,0,0,0,0,0,0,0
York9,Cyrus Rollocks,9,0.0,0.0,0,0,0,0,0,0,0,0,0,0,0,0,0,0,0,0,0
York9,Cyrus Rollocks,1,0.0,0.0,0,0,0,0,0,1,1,0,0,0,0,0,0,0,0,0,0
York9,Cyrus Rollocks,1,0.0,0.0,0,0,0,0,0,0,0,0,0,0,0,0,0,0,0,0,0
York9,Cyrus Rollocks,5,0.0,0.0,0,0,0,0,0,0,0,0,0,0,0,0,0,0,0,0,0
York9,Cyrus Rollocks,0,0.0,0.0,0,0,0,0,0,0,0,0,0,0,0,0,0,0,0,0,0
York9,Cyrus Rollocks,0,0.0,0.0,0,0,0,0,0,0,0,0,0,0,0,0,0,0,0,0,0
York9,Cyrus Rollocks,0,0.0,0.0,0,0,0,0,0,0,0,0,0,0,0,0,0,0,0,0,0
York9,Cyrus Rollocks,0,0.0,0.0,0,0,0,0,0,0,0,0,0,0,0,0,0,0,0,0,0
Edmonton,David Doe,60,0.0,0.0,0,0,0,0,0,14,1,7,0,0,0,0,0,0,0,0,0
Edmonton,David Doe,54,0.03,0.0,0,0,0,0,0,8,3,3,0,0,0,0,0,0,0,0,0
Edmonton,David Doe,17,0.48,0.0,0,0,0,0,0,9,0,4,1,0,0,0,0,0,0,0,0
Edmonton,David Doe,24,0.0,0.0,0,0,0,0,0,5,0,2,0,0,0,0,0,0,0,0,0
Edmonton,David Doe,2,0.0,0.0,0,0,0,0,0,1,0,0,0,0,0,0,0,0,0,0,0
Edmonton,David Doe,12,0.0,0.0,0,0,0,0,0,1,0,0,0,0,0,0,0,0,0,0,0
Edmonton,David Doe,1,0.0,0.0,0,0,0,0,0,1,0,1,0,0,0,0,0,0,0,0,0
Edmonton,David Doe,0,0.0,0.0,0,0,0,0,0,0,0,0,0,0,0,0,0,0,0,0,0
Edmonton,David Doe,0,0.0,0.0,0,0,0,0,0,0,0,0,0,0,0,0,0,0,0,0,0
Edmonton,David Doe,0,0.0,0.0,0,0,0,0,0,0,0,0,0,0,0,0,0,0,0,0,0
Edmonton,David Doe,0,0.0,0.0,0,0,0,0,0,0,0,0,0,0,0,0,0,0,0,0,0
Edmonton,David Doe,0,0.0,0.0,0,0,0,0,0,0,0,0,0,0,0,0,0,0,0,0,0
York9,Austin Ricci,63,0.17,0.0,0,0,0,0,0,15,5,2,0,0,0,0,0,0,0,0,0
York9,Austin Ricci,45,0.09,0.02,0,0,0,0,0,17,2,8,0,0,0,1,0,0,0,0,0
York9,Austin Ricci,19,0.14,0.03,0,0,0,0,0,17,3,10,0,0,1,1,0,0,0,0,0
York9,Austin Ricci,23,0.0,0.0,0,0,0,0,0,8,3,2,0,0,0,0,0,0,0,0,0
York9,Austin Ricci,16,0.0,0.0,0,0,0,0,0,5,1,1,0,0,0,0,0,0,0,0,0
York9,Austin Ricci,11,0.03,0.02,0,0,0,0,0,4,1,1,0,0,1,1,0,0,0,0,0
York9,Austin Ricci,11,0.0,0.0,0,0,0,0,0,4,0,1,0,0,0,0,0,0,0,0,0
York9,Austin Ricci,10,0.0,0.29,0,0,0,0,1,4,1,3,0,1,1,1,0,0,0,0,0
York9,Austin Ricci,1,0.0,0.0,0,0,0,0,0,0,0,0,0,0,0,0,0,0,0,0,0
York9,Austin Ricci,0,0.0,0.0,0,0,0,0,0,0,0,0,0,0,0,0,0,0,0,0,0
York9,Austin Ricci,0,0.0,0.0,0,0,0,0,0,0,0,0,0,0,0,0,0,0,0,0,0
York9,Austin Ricci,0,0.0,0.0,0,0,0,0,0,0,0,0,0,0,0,0,0,0,0,0,0
York9,Austin Ricci,0,0.0,0.0,0,0,0,0,0,0,0,0,0,0,0,0,0,0,0,0,0
York9,Austin Ricci,0,0.0,0.0,0,0,0,0,0,0,0,0,0,0,0,0,0,0,0,0,0
York9,Austin Ricci,0,0.0,0.0,0,0,0,0,0,0,0,0,0,0,0,0,0,0,0,0,0
York9,Austin Ricci,0,0.0,0.0,0,0,0,0,0,0,0,0,0,0,0,0,0,0,0,0,0
York9,Austin Ricci,0,0.0,0.0,0,0,0,0,0,0,0,0,0,0,0,0,0,0,0,0,0
York9,Austin Ricci,0,0.0,0.0,0,0,0,0,0,0,0,0,0,0,0,0,0,0,0,0,0
Edmonton,Prince Amanda,75,0.16,0.41,1,0,0,0,1,15,2,7,0,1,1,1,1,1,0,0,0
Edmonton,Prince Amanda,62,0.0,0.0,0,0,0,0,0,15,6,6,0,0,0,0,0,0,0,0,0
Edmonton,Prince Amanda,0,0.0,0.0,0,0,0,0,0,0,0,0,0,0,0,0,0,0,0,0,0
Edmonton,Prince Amanda,0,0.0,0.0,0,0,0,0,0,0,0,0,0,0,0,0,0,0,0,0,0
Edmonton,Prince Amanda,0,0.0,0.0,0,0,0,0,0,0,0,0,0,0,0,0,0,0,0,0,0
Edmonton,Prince Amanda,0,0.0,0.0,0,0,0,0,0,0,0,0,0,0,0,0,0,0,0,0,0
Edmonton,Prince Amanda,0,0.0,0.0,0,0,0,0,0,0,0,0,0,0,0,0,0,0,0,0,0
Pacific,Issey Nakajima-Farran,58,0.35,0.0,0,0,0,0,0,14,4,7,1,0,0,0,0,0,0,0,0
Pacific,Issey Nakajima-Farran,34,0.0,0.0,0,0,0,0,0,10,6,3,0,0,0,0,0,0,0,0,0
Pacific,Issey Nakajima-Farran,16,0.08,0.05,0,0,0,0,0,5,1,4,0,0,1,1,0,0,0,0,0
Pacific,Issey Nakajima-Farran,18,0.1,0.02,0,0,0,0,0,8,4,1,0,0,1,1,1,0,1,1,0
Pacific,Issey Nakajima-Farran,13,0.05,0.0,0,0,0,0,0,7,0,4,0,0,0,0,1,0,1,1,0
Pacific,Issey Nakajima-Farran,19,0.03,0.0,0,0,0,0,0,4,0,0,0,0,0,0,0,0,0,0,0
Pacific,Issey Nakajima-Farran,11,0.08,0.0,0,0,0,0,0,3,2,1,0,0,0,0,0,0,0,0,0
Pacific,Issey Nakajima-Farran,18,0.0,0.0,0,0,0,0,0,5,0,3,0,0,0,0,0,0,0,0,0
Pacific,Issey Nakajima-Farran,22,0.06,0.0,0,0,0,0,0,6,1,3,0,0,0,0,1,0,1,1,0
Pacific,Issey Nakajima-Farran,5,0.07,0.0,1,0,1,0,0,1,0,1,0,0,0,0,1,0,1,1,0
Pacific,Issey Nakajima-Farran,5,0.07,0.0,0,0,0,0,0,2,0,2,0,0,0,0,0,0,0,0,0
Pacific,Issey Nakajima-Farran,12,0.0,0.0,0,0,0,0,0,3,0,1,0,0,0,0,0,0,0,0,0
Pacific,Issey Nakajima-Farran,7,0.0,0.0,0,0,0,0,0,2,1,0,0,0,0,0,0,0,0,0,0
Pacific,Issey Nakajima-Farran,3,0.07,0.0,0,0,0,0,0,2,1,1,0,0,0,0,1,1,0,0,0
Pacific,Issey Nakajima-Farran,4,0.0,0.0,0,0,0,0,0,1,0,1,0,0,0,0,0,0,0,0,0
Pacific,Issey Nakajima-Farran,1,0.05,0.0,0,0,0,0,0,0,0,0,0,0,0,0,0,0,0,0,0
Pacific,Issey Nakajima-Farran,5,0.0,0.0,0,0,0,0,0,0,0,0,0,0,0,0,0,0,0,0,0
Pacific,Issey Nakajima-Farran,0,0.0,0.0,0,0,0,0,0,0,0,0,0,0,0,0,0,0,0,0,0
Pacific,Issey Nakajima-Farran,0,0.0,0.0,0,0,0,0,0,0,0,0,0,0,0,0,0,0,0,0,0
Pacific,Issey Nakajima-Farran,1,0.0,0.0,0,0,0,0,0,0,0,0,0,0,0,0,0,0,0,0,0
Pacific,Issey Nakajima-Farran,0,0.0,0.0,0,0,0,0,0,0,0,0,0,0,0,0,0,0,0,0,0
Valour,Calum Ferguson,74,0.08,0.0,0,0,0,0,0,17,5,8,0,0,0,0,1,1,0,0,0
Valour,Calum Ferguson,59,0.43,0.0,0,0,0,0,0,13,4,6,1,0,0,0,1,1,0,0,0
Valour,Calum Ferguson,74,0.08,0.0,0,0,0,0,0,14,6,2,0,0,0,0,0,0,0,0,0
Valour,Calum Ferguson,70,0.56,0.0,1,0,0,0,0,9,1,8,0,0,0,0,1,1,0,0,0
Valour,Calum Ferguson,24,0.06,0.0,0,0,0,0,0,2,0,1,0,0,0,0,0,0,0,0,0
Valour,Calum Ferguson,15,0.04,0.0,0,0,0,0,0,3,1,1,0,0,0,0,0,0,0,0,0
Valour,Calum Ferguson,19,0.0,0.0,0,0,0,0,0,2,1,0,0,0,0,0,0,0,0,0,0
Valour,Calum Ferguson,9,0.0,0.0,0,0,0,0,0,0,0,0,0,0,0,0,0,0,0,0,0
Valour,Calum Ferguson,0,0.0,0.0,0,0,0,0,0,0,0,0,0,0,0,0,0,0,0,0,0
Valour,Calum Ferguson,0,0.0,0.0,0,0,0,0,0,0,0,0,0,0,0,0,0,0,0,0,0
Valour,Calum Ferguson,0,0.0,0.0,0,0,0,0,0,0,0,0,0,0,0,0,0,0,0,0,0
Valour,Calum Ferguson,0,0.0,0.0,0,0,0,0,0,0,0,0,0,0,0,0,0,0,0,0,0
Valour,Calum Ferguson,0,0.0,0.0,0,0,0,0,0,0,0,0,0,0,0,0,0,0,0,0,0
Valour,Calum Ferguson,0,0.0,0.0,0,0,0,0,0,0,0,0,0,0,0,0,0,0,0,0,0
Valour,Calum Ferguson,0,0.0,0.0,0,0,0,0,0,0,0,0,0,0,0,0,0,0,0,0,0
Edmonton,Randy Edwini-Bonsu,65,0.0,0.03,0,0,0,0,0,6,1,2,0,0,1,1,0,0,0,0,0
Edmonton,Randy Edwini-Bonsu,41,0.0,0.0,0,0,0,0,0,8,4,3,0,0,0,0,0,0,0,0,0
Edmonton,Randy Edwini-Bonsu,14,0.07,0.15,0,0,0,0,0,8,1,2,0,0,1,2,1,0,1,1,0
Edmonton,Randy Edwini-Bonsu,25,0.1,0.61,0,0,0,0,1,11,5,5,0,1,0,1,1,0,1,0,0
Edmonton,Randy Edwini-Bonsu,30,0.06,0.0,0,0,0,0,0,7,1,3,0,0,0,0,1,0,1,0,0
Edmonton,Randy Edwini-Bonsu,58,0.03,0.0,0,0,0,0,0,7,1,2,0,0,0,0,0,0,0,0,0
Edmonton,Randy Edwini-Bonsu,23,0.0,0.05,0,0,0,0,0,6,1,4,0,0,0,1,0,0,0,0,0
Edmonton,Randy Edwini-Bonsu,27,0.07,0.47,0,0,0,0,0,8,1,5,0,1,1,1,1,0,1,0,0
Edmonton,Randy Edwini-Bonsu,25,0.0,0.0,0,0,0,0,0,5,0,2,0,0,0,0,0,0,0,0,0
Edmonton,Randy Edwini-Bonsu,21,0.27,0.13,0,0,0,0,0,4,0,3,0,0,1,2,2,2,0,0,0
Edmonton,Randy Edwini-Bonsu,27,0.0,0.12,0,0,0,0,0,7,1,2,0,0,1,2,0,0,0,0,0
Edmonton,Randy Edwini-Bonsu,7,0.0,0.0,0,0,0,0,0,5,1,3,0,0,0,0,0,0,0,0,0
Edmonton,Randy Edwini-Bonsu,0,0.0,0.0,0,0,0,0,0,0,0,0,0,0,0,0,0,0,0,0,0
York9,Michael Cox,66,0.31,0.0,0,0,0,0,0,5,3,1,0,0,0,0,1,1,0,0,1
York9,Michael Cox,59,0.0,0.05,0,0,0,0,0,12,6,5,0,0,1,1,0,0,0,0,0
York9,Michael Cox,27,0.0,0.0,0,0,0,0,0,7,1,6,0,0,0,0,0,0,0,0,0
York9,Michael Cox,23,0.0,0.05,0,0,0,0,0,6,0,5,0,0,1,1,0,0,0,0,0
York9,Michael Cox,9,0.04,0.0,0,0,0,0,0,3,0,2,0,0,0,0,0,0,0,0,0
York9,Michael Cox,0,0.0,0.0,0,0,0,0,0,0,0,0,0,0,0,0,0,0,0,0,0
York9,Michael Cox,0,0.0,0.0,0,0,0,0,0,0,0,0,0,0,0,0,0,0,0,0,0
York9,Michael Cox,0,0.0,0.0,0,0,0,0,0,0,0,0,0,0,0,0,0,0,0,0,0
York9,Stefan Lamanna,26,0.0,0.0,0,0,0,0,0,12,4,6,0,0,0,0,0,0,0,0,0
York9,Stefan Lamanna,17,0.0,0.0,0,0,0,0,0,8,0,4,0,0,0,0,0,0,0,0,0
York9,Stefan Lamanna,23,0.0,0.0,0,0,0,0,0,7,4,2,0,0,0,0,0,0,0,0,0
York9,Stefan Lamanna,8,0.0,0.0,0,0,0,0,0,1,1,0,0,0,0,0,0,0,0,0,0
York9,Stefan Lamanna,1,0.0,0.0,0,0,0,0,0,2,2,0,0,0,0,0,0,0,0,0,0
York9,Stefan Lamanna,2,0.17,0.53,0,0,0,0,1,1,0,1,0,1,1,1,0,0,0,0,0
York9,Stefan Lamanna,0,0.0,0.0,0,0,0,0,0,0,0,0,0,0,0,0,0,0,0,0,0
York9,Stefan Lamanna,0,0.0,0.0,0,0,0,0,0,0,0,0,0,0,0,0,0,0,0,0,0
York9,Stefan Lamanna,0,0.0,0.0,0,0,0,0,0,0,0,0,0,0,0,0,0,0,0,0,0
York9,Stefan Lamanna,0,0.0,0.0,0,0,0,0,0,0,0,0,0,0,0,0,0,0,0,0,0
HFX Wanderers,Vincent Lamy,45,0.0,0.0,0,0,0,0,0,11,1,8,0,0,0,0,0,0,0,0,0
HFX Wanderers,Vincent Lamy,14,0.09,0.0,0,0,0,0,0,5,3,2,0,0,0,0,0,0,0,0,0
HFX Wanderers,Vincent Lamy,14,0.03,0.0,0,0,0,0,0,3,0,1,0,0,0,0,0,0,0,0,0
HFX Wanderers,Vincent Lamy,15,0.0,0.0,0,0,0,0,0,5,2,2,0,0,0,0,0,0,0,0,0
HFX Wanderers,Vincent Lamy,0,0.0,0.0,0,0,0,0,0,0,0,0,0,0,0,0,0,0,0,0,0
HFX Wanderers,Vincent Lamy,0,0.0,0.0,0,0,0,0,0,0,0,0,0,0,0,0,0,0,0,0,0
HFX Wanderers,Vincent Lamy,0,0.0,0.0,0,0,0,0,0,0,0,0,0,0,0,0,0,0,0,0,0
HFX Wanderers,Vincent Lamy,0,0.0,0.0,0,0,0,0,0,0,0,0,0,0,0,0,0,0,0,0,0
HFX Wanderers,Vincent Lamy,0,0.0,0.0,0,0,0,0,0,0,0,0,0,0,0,0,0,0,0,0,0
HFX Wanderers,Vincent Lamy,0,0.0,0.0,0,0,0,0,0,0,0,0,0,0,0,0,0,0,0,0,0
HFX Wanderers,Vincent Lamy,0,0.0,0.0,0,0,0,0,0,0,0,0,0,0,0,0,0,0,0,0,0
HFX Wanderers,Vincent Lamy,0,0.0,0.0,0,0,0,0,0,0,0,0,0,0,0,0,0,0,0,0,0
HFX Wanderers,Vincent Lamy,0,0.0,0.0,0,0,0,0,0,0,0,0,0,0,0,0,0,0,0,0,0
HFX Wanderers,Vincent Lamy,0,0.0,0.0,0,0,0,0,0,0,0,0,0,0,0,0,0,0,0,0,0
HFX Wanderers,Vincent Lamy,0,0.0,0.0,0,0,0,0,0,0,0,0,0,0,0,0,0,0,0,0,0
HFX Wanderers,Vincent Lamy,0,0.0,0.0,0,0,0,0,0,0,0,0,0,0,0,0,0,0,0,0,0
HFX Wanderers,Vincent Lamy,0,0.0,0.0,0,0,0,0,0,0,0,0,0,0,0,0,0,0,0,0,0
HFX Wanderers,Vincent Lamy,0,0.0,0.0,0,0,0,0,0,0,0,0,0,0,0,0,0,0,0,0,0
Cavalry,Aribim Pepple,24,0.0,0.0,0,0,0,0,0,3,1,2,0,0,0,0,0,0,0,0,0
Cavalry,Aribim Pepple,8,0.0,0.0,0,0,0,0,0,1,0,1,0,0,0,0,0,0,0,0,0
Cavalry,Aribim Pepple,8,0.0,0.0,0,0,0,0,0,1,0,0,0,0,0,0,0,0,0,0,0
Cavalry,Aribim Pepple,6,0.0,0.0,0,0,0,0,0,1,0,1,0,0,0,0,0,0,0,0,0
Cavalry,Aribim Pepple,7,0.0,0.0,0,0,0,0,0,1,0,1,0,0,0,0,0,0,0,0,0
Cavalry,Aribim Pepple,6,0.0,0.0,0,0,0,0,0,1,0,0,0,0,0,0,0,0,0,0,0
Cavalry,Aribim Pepple,1,0.0,0.0,0,0,0,0,0,1,0,1,0,0,0,0,0,0,0,0,0
Cavalry,Aribim Pepple,0,0.0,0.0,0,0,0,0,0,0,0,0,0,0,0,0,0,0,0,0,0
Cavalry,Aribim Pepple,0,0.0,0.0,0,0,0,0,0,0,0,0,0,0,0,0,0,0,0,0,0
Cavalry,Aribim Pepple,0,0.0,0.0,0,0,0,0,0,0,0,0,0,0,0,0,0,0,0,0,0
Cavalry,Aribim Pepple,0,0.0,0.0,0,0,0,0,0,0,0,0,0,0,0,0,0,0,0,0,0
Cavalry,Aribim Pepple,1,0.0,0.0,0,0,0,0,0,0,0,0,0,0,0,0,0,0,0,0,0
Cavalry,Oluwatofarati Fakunle,6,0.0,0.0,0,0,0,0,0,2,1,1,0,0,0,0,0,0,0,0,0
Cavalry,Oluwatofarati Fakunle,3,0.0,0.0,0,0,0,0,0,1,0,1,0,0,0,0,0,0,0,0,0
Cavalry,Oluwatofarati Fakunle,0,0.0,0.0,0,0,0,0,0,0,0,0,0,0,0,0,0,0,0,0,0
Cavalry,Oluwatofarati Fakunle,0,0.0,0.0,0,0,0,0,0,0,0,0,0,0,0,0,0,0,0,0,0
Cavalry,Oluwatofarati Fakunle,0,0.0,0.0,0,0,0,0,0,0,0,0,0,0,0,0,0,0,0,0,0
Cavalry,Oluwatofarati Fakunle,0,0.0,0.0,0,0,0,0,0,0,0,0,0,0,0,0,0,0,0,0,0
Cavalry,Oluwatofarati Fakunle,0,0.0,0.0,0,0,0,0,0,0,0,0,0,0,0,0,0,0,0,0,0
HFX Wanderers,Abd-El-Aziz Yousef,0,0.0,0.0,0,0,0,0,0,0,0,0,0,0,0,0,0,0,0,0,0
HFX Wanderers,Abd-El-Aziz Yousef,0,0.0,0.0,0,0,0,0,0,0,0,0,0,0,0,0,0,0,0,0,0
HFX Wanderers,Abd-El-Aziz Yousef,0,0.0,0.0,0,0,0,0,0,0,0,0,0,0,0,0,0,0,0,0,0
HFX Wanderers,Abd-El-Aziz Yousef,0,0.0,0.0,0,0,0,0,0,0,0,0,0,0,0,0,0,0,0,0,0
