team,name,position,number,nationality,dob,image,flag,link,overall,display
Cavalry FC,Marco Carducci,g,1,Canada,1995-09-25,Marco-Carducci.jpg,Canada.png,https://en.wikipedia.org/wiki/Marco_Carducci,0.79,Marco Carducci
Cavalry FC,Chris Serban,d,2,Canada,1995-11-15,Chris-Serban.jpg,Canada.png,https://en.wikipedia.org/wiki/Chris_Serban,0.00,Chris Serban
Cavalry FC,Nathan Mavila,d,3,England,1993-10-15,Nathan-Mavila.jpg,England.png,https://en.wikipedia.org/wiki/Nathan_Mavila,0.75,Nathan Mavila
Cavalry FC,Dominick Zator,d,4,Canada,1994-09-18,Dominick-Zator.jpg,Canada.png,https://en.wikipedia.org/wiki/Dominick_Zator,0.92,Dominick Zator
Cavalry FC,Mason Trafford,d,5,Canada,1986-08-21,Mason-Trafford.jpg,Canada.png,https://en.wikipedia.org/wiki/Mason_Trafford,0.33,Mason Trafford
Cavalry FC,Nikolas Ledgerwood,m,6,Canada,1985-01-16,Nikolas-Ledgerwood.jpg,Canada.png,https://en.wikipedia.org/wiki/Nikolas_Ledgerwood,0.35,Nik Ledgerwood
Cavalry FC,Oliver Minatel,f,7,Brazil,1992-08-29,Oliver-Minatel.jpg,Brazil.png,https://en.wikipedia.org/wiki/Oliver_Minatel,0.43,Oliver Minatel
Cavalry FC,Julian Büscher,m,8,Germany,1993-04-22,Julian-Buscher.jpg,Germany.png,https://en.wikipedia.org/wiki/Julian_Büscher,0.87,Julian Büscher
Cavalry FC,Jordan Brown,f,9,England,1996-11-10,Jordan-Brown.jpg,England.png,https://en.wikipedia.org/wiki/Jordan_Brown,0.38,Jordan Brown
Cavalry FC,Sergio Camargo,m,10,Canada,1994-08-16,Sergio-Camargo.jpg,Canada.png,https://en.wikipedia.org/wiki/Sergio_Camargo,0.67,Sergio Camargo
Cavalry FC,José Escalante,m,11,Honduras,1995-05-29,Jose-Escalante.jpg,Honduras.png,https://en.wikipedia.org/wiki/José_Escalante,0.62,José Escalante
Cavalry FC,Dean Northover,d,12,Canada,1991-09-04,Dean-Northover.jpg,Canada.png,https://en.wikipedia.org/wiki/Dean_Northover,0.25,Dean Northover
Cavalry FC,Jonathan Wheeldon,d,14,England,1988-08-28,Jonathan-Wheeldon.jpg,England.png,https://en.wikipedia.org/wiki/Jonathan_Wheeldon,0.37,Jay Wheeldon
Cavalry FC,Joel Waterman,m,15,Canada,1996-01-24,Joel-Waterman.jpg,Canada.png,https://en.wikipedia.org/wiki/Joel_Waterman,0.45,Joel Waterman
Cavalry FC,Elijah Adekugbe,m,16,Canada,1996-07-17,Elijah-Adekugbe.jpg,Canada.png,https://en.wikipedia.org/wiki/Elijah_Adekugbe,0.67,Elijah Adekugbe
Cavalry FC,Nico Pasquotti,f,17,Canada,1995-10-18,Nico-Pasquotti.jpg,Canada.png,https://en.wikipedia.org/wiki/Nico_Pasquotti,0.73,Nico Pasquotti
Cavalry FC,Mauro Eustaquio,m,18,Canada,1993-02-10,Mauro-Eustaquio.jpg,Canada.png,https://en.wikipedia.org/wiki/Mauro_Eustaquio,0.18,Mauro Eustaquio
Cavalry FC,Dominique Malonga,f,19,Congo,1989-01-08,Dominique-Malonga.jpg,Congo.png,https://en.wikipedia.org/wiki/Dominique_Malonga,0.64,Dominique Malonga
Cavalry FC,Carlos Patiño,m,20,Colombia,1995-08-18,Carlos-Patino.jpg,Colombia.png,https://en.wikipedia.org/wiki/Carlos_Patiño_(footballer),0.27,Carlos Patiño
Cavalry FC,Malyk Hamilton,f,21,Canada,1999-09-02,Malyk-Hamilton.jpg,Canada.png,https://en.wikipedia.org/wiki/Malyk_Hamilton,0.22,Malyk Hamilton
Cavalry FC,Nikolaos Giantsopoulos,g,22,Canada,1994-06-24,Niko-Giantsopoulos.jpg,Canada.png,https://en.wikipedia.org/wiki/Nikolas_Giantsopoulos,0.18,Niko Giantsopoulos
Cavalry FC,Victor Loturi,f,13,Canada,2001-05-21,Victor-Loturi.jpg,Canada.png,https://en.wikipedia.org/wiki/Victor_Loturi,0.02,Victor Loturi
Cavalry FC,Aribim Pepple,f,24,Canada,2002-12-25,empty.jpg,Canada.png,https://en.wikipedia.org/wiki/Aribim_Pepple,0.0,Aribim Pepple
Cavalry FC,Oluwatofarati Fakunle,f,25,Canada,1995-01-11,empty.jpg,Canada.png,https://en.wikipedia.org/wiki/Oluwatofarati_Fakunle,0.0,Oluwatofarati Fakunle
Cavalry FC,Gabriel Bitar,f,19,Canada,1998-08-23,Gabriel-Bitar.jpg,Canada.png,https://en.wikipedia.org/wiki/Gabriel_Bitar,0.03,Gabriel Bitar
FC Edmonton,Tony Tchani,m,22,Cameroon,1989-04-13,Tony-Tchani.jpg,Cameroon.png,https://en.wikipedia.org/wiki/Tony_Tchani,0.22,Tony Tchani
FC Edmonton,Connor James,g,1,Canada,1996-07-17,Connor-James.jpg,Canada.png,https://en.wikipedia.org/wiki/Connor_James,0.7,Connor James
FC Edmonton,Dylon Powley,g,13,Canada,1996-09-05,Dylon-Powley.jpg,Canada.png,https://en.wikipedia.org/wiki/Dylon_Powley,0.18,Dylon Powley
FC Edmonton,Amer Didic,d,55,Canada,1994-12-28,Amer-Didic.jpg,Canada.png,https://en.wikipedia.org/wiki/Amer_Didic,0.67,Amer Didic
FC Edmonton,Jeannot Esua,d,3,Cameroon,1996-08-08,Jeannot-Esua.jpg,Cameroon.png,https://en.wikipedia.org/wiki/Jeannot_Esua,0.52,Jeannot Esua
FC Edmonton,Kareem Moses,d,12,Trinidad and Tobago,1990-02-11,Kareem-Moses.jpg,TrinidadandTobago.png,https://en.wikipedia.org/wiki/Kareem_Moses,0.34,Kareem Moses
FC Edmonton,Ramon Soria,d,5,Spain,1989-03-07,Ramón-Soria.jpg,Spain.png,https://en.wikipedia.org/wiki/Ramón_Soria,0.62,Ramón Soria
FC Edmonton,Mélé Temguia,d,8,Germany,1995-08-01,Mélé-Temguia.jpg,Germany.png,https://en.wikipedia.org/wiki/Mélé_Temguia,0.96,Mélé Temguia
FC Edmonton,Allan Zebie,d,4,Canada,1993-05-29,Allan-Zebie.jpg,Canada.png,https://en.wikipedia.org/wiki/Allan_Zebie,0.6,Allan Zebie
FC Edmonton,Ajay Khabra,m,23,Canada,1995-06-13,Ajay-Khabra.jpg,Canada.png,https://en.wikipedia.org/wiki/Ajay_Khabra,0.35,Ajay Khabra
FC Edmonton,Philippe Lincourt-Joseph,m,10,Canada,1994-11-01,Philippe-Lincourt-Joseph.jpg,Canada.png,https://en.wikipedia.org/wiki/Philippe_Lincourt-Joseph,0.14,Philippe Lincourt-Joseph
FC Edmonton,James Marcelin,m,14,Haiti,1986-06-13,James-Marcelin.jpg,Haiti.png,https://en.wikipedia.org/wiki/James_Marcelin,0.45,James Marcelin
FC Edmonton,Edem Mortotsi,m,6,Ghana,1993-04-16,Edem-Mortotsi.jpg,Ghana.png,https://en.wikipedia.org/wiki/Edem_Mortotsi,0.29,Edem Mortotsi
FC Edmonton,Yong-Chan Son,m,7,South Korea,1991-04-15,Yong-Chan-Son.jpg,SouthKorea.png,https://en.wikipedia.org/wiki/Yong-Chan_Son,0.27,Yong-Chan Son
FC Edmonton,Bruno Zebie,m,20,Canada,1995-08-14,Bruno-Zebie.jpg,Canada.png,https://en.wikipedia.org/wiki/Bruno_Zebie,0.32,Bruno Zebie
FC Edmonton,Prince Amanda,f,16,Canada,2001-03-23,Prince-Amanda.jpg,Canada.png,https://en.wikipedia.org/wiki/Prince_Amanda,0.06,Prince Amanda
FC Edmonton,Tomi Ameobi,f,18,England,1988-08-16,Tomi-Ameobi.jpg,England.png,https://en.wikipedia.org/wiki/Tomi_Ameobi,0.4,Tomi Ameobi
FC Edmonton,Oumar Diouck,f,45,Belgium,1994-11-09,Oumar-Diouck.jpg,Belgium.png,https://en.wikipedia.org/wiki/Oumar_Diouck,0.6,Oumar Diouck
FC Edmonton,David Doe,f,26,Canada,2000-11-30,David-Doe.jpg,Canada.png,https://en.wikipedia.org/wiki/David_Doe,0.03,David Doe
FC Edmonton,Randy Edwini-Bonsu,f,11,Canada,1990-04-20,Randy-Edwini-Bonsu.jpg,Canada.png,https://en.wikipedia.org/wiki/Randy_Edwini-Bonsu,0.15,Randy Edwini-Bonsu
FC Edmonton,Ajeej Sarkaria,f,9,Canada,1995-07-02,Ajeej-Sarkaria.jpg,Canada.png,https://en.wikipedia.org/wiki/Ajeej_Sarkaria,0.12,Ajeej Sarkaria
FC Edmonton,Marcus Velado-Tsegaye,f,17,Canada,2001-07-02,Marcus-Velado.jpg,Canada.png,https://en.wikipedia.org/wiki/Marcus_Velado-Tsegaye,0.16,Marcus Velado-Tsegaye
FC Edmonton,Easton Ongaro,f,19,Canada,1998-06-05,Easton-Ongaro.jpg,Canada.png,https://en.wikipedia.org/wiki/Easton_Ongaro,0.52,Easton Ongaro
Forge FC,Jace Kotsopoulos,m,12,Canada,1997-12-01,Jace-Kotsopoulos.jpg,Canada.png,https://en.wikipedia.org/wiki/Jace_Kotsopoulos,0.1,Jace Kotsopoulos
Forge FC,Alexander Börje Achinioti-Jönsson,m,1,Sweden,1996-04-17,Alexander-Achinioti-Jönsson.jpg,Sweden.png,https://en.wikipedia.org/wiki/Alexander_Achinioti-Jönsson,0.5,Alexander Achinioti-Jönsson
Forge FC,Kwame Awuah,d,2,Canada,1995-12-02,Kwame-Awuah.jpg,Canada.png,https://en.wikipedia.org/wiki/Kwame_Awuah,0.9,Kwame Awuah
Forge FC,Kyle Edward Bekker,m,3,Canada,1990-09-02,Kyle-Bekker.jpg,Canada.png,https://en.wikipedia.org/wiki/Kyle_Bekker,0.77,Kyle Bekker
Forge FC,Tristan Daniel Borges,m,4,Canada,1998-08-26,Tristan-Borges.jpg,Canada.png,https://en.wikipedia.org/wiki/Tristan_Borges,0.9,Tristan Borges
Forge FC,David Choinière,m,5,Canada,1997-02-07,David-Choinière.jpg,Canada.png,https://en.wikipedia.org/wiki/David_Choinière,0.45,David Choinière
Forge FC,Elimane Oumar Cissé,m,6,Senegal,1995-03-12,Elimane-Cissé.jpg,Senegal.png,https://en.wikipedia.org/wiki/Elimane_Cissé,0.52,Elimane Cissé
Forge FC,Giuliano Frano,m,7,Canada,1993-05-16,Giuliano-Frano.jpg,Canada.png,https://en.wikipedia.org/wiki/Giuliano_Frano,0.48,Giuliano Frano
Forge FC,Jonathan Grant,d,8,Canada,1993-10-15,Jonathan-Grant.jpg,Canada.png,https://en.wikipedia.org/wiki/Jonathan_Grant,0.33,Jonathan Grant
Forge FC,Triston Henry,g,9,Canada,1993-09-08,Triston-Henry.jpg,Canada.png,https://en.wikipedia.org/wiki/Triston_Henry,0.71,Triston Henry
Forge FC,Daniel Krutzen,d,10,Belgium,1996-09-19,Daniel-Krutzen.jpg,Belgium.png,https://en.wikipedia.org/wiki/Daniel_Krutzen,0.71,Daniel Krutzen
Forge FC,Montther Mohsen,d,11,Canada,2000-06-13,Monti-Mohsen.jpg,Canada.png,https://en.wikipedia.org/wiki/Monti_Mohsen,0.12,Monti Mohsen
Forge FC,Christopher Lenroy Nanco,f,13,Canada,1995-02-15,Christopher-Nanco.jpg,Canada.png,https://en.wikipedia.org/wiki/Chris_Nanco,0.42,Chris Nanco
Forge FC,Bertrand Owundi,d,16,Cameroon,1993-10-15,Bertrand-Owundi.jpg,Cameroon.png,https://en.wikipedia.org/wiki/Bertrand_Owundi,0.48,Bertrand Owundi
Forge FC,Quillan Roberts,g,17,Canada,1994-09-13,Quillan-Roberts.jpg,Canada.png,https://en.wikipedia.org/wiki/Quillan_Roberts,0.29,Quillan Roberts
Forge FC,Dominic Samuel,d,22,Canada,1994-09-29,Dominic-Samuel.jpg,Canada.png,https://en.wikipedia.org/wiki/Dominic_Samuel,0.74,Dominic Samuel
Forge FC,Kadell Thomas,f,30,Canada,1996-11-26,Kadell-Thomas.jpg,Canada.png,https://en.wikipedia.org/wiki/Kadell_Thomas,0.21,Kadell Thomas
Forge FC,Emery Welshman,f,14,Guyana,1991-11-09,Emery-Welshman.jpg,Guyana.png,https://en.wikipedia.org/wiki/Emery_Welshman,0.33,Emery Welshman
Forge FC,Marcel Dominik Zajac,f,9,Canada,1998-04-29,Marcel-Zajac.jpg,Canada.png,https://en.wikipedia.org/wiki/Marcel_Zajac,0.35,Marcel Zajac
Forge FC,Anthony Joseph Novak,f,23,Canada,1994-03-27,Anthony-Novak.jpg,Canada.png,https://en.wikipedia.org/wiki/Anthony_Novak,0.48,Anthony Novak
Forge FC,Klaidi Cela,d,16,Canada,1999-07-16,Klaidi-Cela.jpg,Canada.png,https://en.wikipedia.org/wiki/Klaidi_Cela,0.15,Klaidi Cela
Forge FC,David Edward Edgar,d,30,Canada,1987-05-19,David-Edgar.jpg,Canada.png,https://en.wikipedia.org/wiki/David_Edgar,0.16,David Edgar
Forge FC,Justin Stoddart,m,20,Canada,1995-11-03,empty.jpg,Canada.png,https://en.wikipedia.org/wiki/Justin_Stoddart,0.06,Justin Stoddart
Forge FC,Oluwaseun Oyegunle,d,15,Canada,2002-11-03,empty.jpg,Canada.png,https://en.wikipedia.org/wiki/Oluwaseun_Oyegunle,0.01,Oluwaseun Oyegunle
HFX Wanderers FC,Duran Lee,d,16,Canada,1995-05-09,empty.jpg,Canada.png,https://en.wikipedia.org/wiki/Duran_Lee,0.28,Duran Lee
HFX Wanderers FC,Peter Schaale,d,2,Germany,1996-06-14,Peter-Schaale.jpg,Germany.png,https://en.wikipedia.org/wiki/Peter_Schaale,0.62,Peter Schaale
HFX Wanderers FC,André Bona,d,3,France,1990-01-19,André-Bona.jpg,France.png,https://en.wikipedia.org/wiki/André_Bona,0.93,André Bona
HFX Wanderers FC,Chakib Hocine,d,4,Algeria,1991-08-08,Chakib-Hocine.jpg,Algeria.png,https://en.wikipedia.org/wiki/Chakib_Hocine,0.08,Chakib Hocine
HFX Wanderers FC,Elton John,m,5,Trinidad and Tobago,1987-04-08,Elton-John.jpg,TrinidadandTobago.png,https://en.wikipedia.org/wiki/Elton_John_(footballer),0.35,Elton John
HFX Wanderers FC,Chrisnovic N'Sa,d,6,Canada,1999-01-28,Chrisnovic-N_sa.jpg,Canada.png,https://en.wikipedia.org/wiki/Chrisnovic_N'sa,0.41,Chris N'sa
HFX Wanderers FC,Juan Diego Gutiérrez de las Casas,m,7,Peru,1992-04-28,Juan-DiegoGutiérrez.jpg,Peru.png,https://en.wikipedia.org/wiki/Juan_Diego_Gutiérrez,0.32,Juan Diego Gutiérrez
HFX Wanderers FC,Elliot Simmons,m,8,Canada,1998-02-05,Elliot-Simmons.jpg,Canada.png,https://en.wikipedia.org/wiki/Elliot_Simmons,0.37,Elliot Simmons
HFX Wanderers FC,Kodai Iida,m,9,Japan,1994-12-06,Kodai-Iida.jpg,Japan.png,https://en.wikipedia.org/wiki/Kodai_Iida,0.52,Kodai Iida
HFX Wanderers FC,Luis Alberto Perea,f,10,Colombia,1986-03-09,Luis-AlbertoPerea.jpg,Colombia.png,https://en.wikipedia.org/wiki/Luis_Alberto_Perea,0.26,Luis Alberto Perea
HFX Wanderers FC,Akeem Garcia,m,11,Trinidad and Tobago,1996-11-09,Akeem-Garcia.jpg,TrinidadandTobago.png,https://en.wikipedia.org/wiki/Akeem_Garcia,0.47,Akeem Garcia
HFX Wanderers FC,Mohamed Kourouma,f,12,Canada,1990-08-04,Mohamed-Kourouma.jpg,Canada.png,https://en.wikipedia.org/wiki/Mohamed_Kourouma_(soccer),0.77,Mohamed Kourouma
HFX Wanderers FC,Kouamé Ouattara,m,13,Ivory Coast,1991-08-06,Kouamé-Ouattara.jpg,IvoryCoast.png,https://en.wikipedia.org/wiki/Kouamé_Ouattara,0.22,Kouamé Ouattara
HFX Wanderers FC,Vincent Lamy,f,14,Canada,1999-10-07,Vincent-Lamy.jpg,Canada.png,https://en.wikipedia.org/wiki/Vincent_Lamy,0.01,Vincent Lamy
HFX Wanderers FC,Scott Firth,m,15,Canada,2001-03-02,Scott-Firth.jpg,Canada.png,https://en.wikipedia.org/wiki/Scott_Firth,0.1,Scott Firth
HFX Wanderers FC,Tomasz Skublak,f,17,Canada,1997-12-08,Tomasz-Skublak.jpg,Canada.png,https://en.wikipedia.org/wiki/Tomasz_Skublak,0.28,Tomasz Skublak
HFX Wanderers FC,Andre Rampersad,m,18,Trinidad and Tobago,1995-02-02,Andre-Rampersad.jpg,TrinidadandTobago.png,https://en.wikipedia.org/wiki/Andre_Rampersad,0.57,Andre Rampersad
HFX Wanderers FC,Ndzemdzela Langwa,d,20,Canada,1998-05-03,Ndzemdzela-Langwa.jpg,Canada.png,https://en.wikipedia.org/wiki/Ndzemdzela_Langwa,0.77,Zoom Langwa
HFX Wanderers FC,Jan-Michael Williams,g,21,Trinidad and Tobago,1984-10-26,Jan-Michael-Williams.jpg,TrinidadandTobago.png,https://en.wikipedia.org/wiki/Jan-Michael_Williams,0.36,Jan-Michael Williams
HFX Wanderers FC,Abd-El-Aziz Yousef,f,22,Saudi Arabia,1999-10-05,Abd-El-Aziz-Yousef.jpg,Saudi Arabia.png,https://en.wikipedia.org/wiki/Abd-El-Aziz_Yousef,0.00,Abd-El-Aziz Yousef
HFX Wanderers FC,Alex De Carolis,d,24,Canada,1992-09-24,Alex-DeCarolis.jpg,Canada.png,https://en.wikipedia.org/wiki/Alex_De_Carolis,0.4,Alex De Carolis
HFX Wanderers FC,Zachary Sukunda,d,25,Canada,1995-06-24,Zachary-Sukunda.jpg,Canada.png,https://en.wikipedia.org/wiki/Zachary_Sukunda,0.18,Zachary Sukunda
HFX Wanderers FC,Christian Oxner,g,50,Canada,1996-07-29,Christian-Oxner.jpg,Canada.png,https://en.wikipedia.org/wiki/Christian_Oxner,0.54,Christian Oxner
HFX Wanderers FC,Matthew Arnone,d,23,Canada,1994-02-28,empty.jpg,Canada.png,https://en.wikipedia.org/wiki/Matthew_Arnone,0.67,Matthew Arnone
Pacific FC,Alexander Gonzalez Moreno,m,28,Panama,1994-12-14,empty.jpg,Panama.png,https://en.wikipedia.org/wiki/Alexander_González_(footballer),0.57,Alexander González
Pacific FC,Mark Village,g,1,Canada,1991-11-25,Mark-Village.jpg,Canada.png,https://en.wikipedia.org/wiki/Mark_Village,0.54,Mark Village
Pacific FC,Nolan Wirth,g,6,Canada,1995-01-24,Nolan-Wirth.jpg,Canada.png,https://en.wikipedia.org/wiki/Nolan_Wirth,0.45,Nolan Wirth
Pacific FC,Kadin Chung,d,7,Canada,1998-09-05,Kadin-Chung.jpg,Canada.png,https://en.wikipedia.org/wiki/Kadin_Chung,0.79,Kadin Chung
Pacific FC,Marcel de Jong,d,8,Canada,1986-10-15,empty.jpg,Canada.png,https://en.wikipedia.org/wiki/Marcel_de_Jong,0.02,Marcel de Jong
Pacific FC,Lukas MacNaughton,d,14,United States,1995-03-08,Lukas-MacNaughton.jpg,Canada.png,https://en.wikipedia.org/wiki/Lukas_MacNaughton,0.5,Lukas MacNaughton
Pacific FC,Hendrik Starostzik,d,16,Germany,1991-03-28,Hendrik-Starostzik.jpg,Germany.png,https://en.wikipedia.org/wiki/Hendrik_Starostzik,0.36,Hendrik Starostzik
Pacific FC,Matthew Baldisimo,m,17,Canada,1998-01-20,Matthew-Baldisimo.jpg,Canada.png,https://en.wikipedia.org/wiki/Matthew_Baldisimo,0.51,Matthew Baldisimo
Pacific FC,Victor Blasco,m,19,Spain,1994-07-01,Victor-Blasco.jpg,Spain.png,https://en.wikipedia.org/wiki/Victor_Blasco,0.72,Victor Blasco
Pacific FC,Ben Fisk,m,21,Canada,1993-02-04,Ben-Fisk.jpg,Canada.png,https://en.wikipedia.org/wiki/Ben_Fisk,0.69,Ben Fisk
Pacific FC,Noah Verhoeven,m,23,Canada,1999-06-15,Noah-Verhoeven.jpg,Canada.png,https://en.wikipedia.org/wiki/Noah_Verhoeven,0.49,Noah Verhoeven
Pacific FC,Terran Campbell,f,14,Canada,1998-10-10,Terran-Campbell.jpg,Canada.png,https://en.wikipedia.org/wiki/Terran_Campbell,0.8,Terran Campbell
Pacific FC,Marcus Haber,f,9,Canada,1989-01-11,Marcus-Haber.jpg,Canada.png,https://en.wikipedia.org/wiki/Marcus_Haber,0.17,Marcus Haber
Pacific FC,José Hernández,f,15,Canada,2000-03-19,Jose-Hernandez.jpg,Canada.png,https://en.wikipedia.org/wiki/Jose_Hernandez,0.26,Jose Hernandez
Pacific FC,Alessandro Hojabrpour,f,21,Canada,2000-01-10,Alessandro-Hojabrpour.jpg,Canada.png,https://en.wikipedia.org/wiki/Alessandro_Hojabrpour,0.27,Alessandro Hojabrpour
Pacific FC,Issey Nakajima-Farran,f,11,Canada,1984-05-16,Issey-Nakajima-Farran.jpg,Canada.png,https://en.wikipedia.org/wiki/Issey_Nakajima-Farran,0.09,Issey Nakajima-Farran
Pacific FC,Blake Smith,d,4,USA,1991-01-17,Blake-Smith.jpg,USA.png,https://en.wikipedia.org/wiki/Blake_Smith,0.69,Blake Smith
Pacific FC,Ryan McCurdy,d,3,Canada,1991-05-23,Ryan-McCurdy.jpg,Canada.png,https://en.wikipedia.org/wiki/Ryan_McCurdy,0.23,Ryan McCurdy
Pacific FC,Ahmed Alghamdi,m,13,Canada,2001-09-20,empty.jpg,Canada.png,https://en.wikipedia.org/wiki/Ahmed_Al-Ghamdi_(footballer),0.26,Ahmed Alghamdi
Pacific FC,Émile Legault,d,20,Canada,2000-04-10,empty.jpg,Canada.png,https://en.wikipedia.org/wiki/Émile_Legault,0.39,Emile Legault
Pacific FC,Zachary Verhoven,m,16,Canada,1998-08-17,empty.jpg,Canada.png,https://en.wikipedia.org/wiki/Zachary_Verhoven,0.43,Zach Verhoven
Pacific FC,David Norman Jr.,m,24,Canada,1998-05-31,empty.jpg,Canada.png,https://en.wikipedia.org/wiki/David_Norman_Jr.,0.18,David Norman Jr.
Valour FC,Yohan Le Bourhis,d,25,Canada,2000-03-09,empty.jpg,Canada.png,https://en.wikipedia.org/wiki/Yohan_Le_Bourhis,0.21,Yohan Le Bourhis
Valour FC,Adam Mitter,d,15,England,1993-01-05,Adam-Mitter.jpg,England.png,https://en.wikipedia.org/wiki/Adam_Mitter,0.41,Adam Mitter
Valour FC,Tyson Farago,g,1,Canada,1991-05-01,Tyson-Farago.jpg,Canada.png,https://en.wikipedia.org/wiki/Tyson_Farago,0.55,Tyson Farago
Valour FC,Raphaël Garcia,d,2,Canada,1999-05-06,Raphaël-Garcia.jpg,Canada.png,https://en.wikipedia.org/wiki/Raphaël_Garcia,0.45,Raphaël Garcia
Valour FC,Skylar Rutherford Thomas,d,3,Canada,1993-07-27,Skylar-Thomas.jpg,Canada.png,https://en.wikipedia.org/wiki/Skylar_Thomas,0.73,Skylar Thomas
Valour FC,Jordan Peter Murrell,d,4,Canada,1993-05-02,Jordan-Murrell.jpg,Canada.png,https://en.wikipedia.org/wiki/Jordan_Murrell,0.6,Jordan Murrell
Valour FC,Martín Arguiñarena,d,6,Uruguay,1991-09-06,Martín-Arguiñarena.jpg,Uruguay.png,https://en.wikipedia.org/wiki/Martín_Arguiñarena,0.71,Martín Arguiñarena
Valour FC,Dylan Sacramento,m,7,Canada,1995-03-04,Dylan-Sacramento.jpg,Canada.png,https://en.wikipedia.org/wiki/Dylan_Sacramento,0.33,Dylan Sacramento
Valour FC,Dylan Carreiro,m,10,Canada,1995-01-20,Dylan-Carreiro.jpg,Canada.png,https://en.wikipedia.org/wiki/Dylan_Carreiro,0.33,Dylan Carreiro
Valour FC,Glenn Muenkat,m,11,Canada,1999-01-03,Glenn-Muenkat.jpg,Canada.png,https://en.wikipedia.org/wiki/Glenn_Muenkat,0.13,Glenn Muenkat
Valour FC,Nicolás Galvis,m,14,Canada,1997-04-09,Nicolás-Galvis.jpg,Canada.png,https://en.wikipedia.org/wiki/Nicolás_Galvis,0.16,Nicolás Galvis
Valour FC,Néstor Navia,m,15,Colombia,,Néstor-Navia.jpg,Colombia.png,https://en.wikipedia.org/wiki/Néstor_Navia,0.00,Néstor Navia
Valour FC,Tyler Attardo,f,16,Canada,2001-09-10,Tyler-Attardo.jpg,Canada.png,https://en.wikipedia.org/wiki/Tyler_Attardo,0.25,Tyler Attardo
Valour FC,Stephen Hoyle,f,17,England,1992-11-06,Stephen-Hoyle.jpg,England.png,https://en.wikipedia.org/wiki/Stephen_Hoyle,0.06,Stephen Hoyle
Valour FC,Josip Golubar,m,20,Croatia,1985-03-04,Josip-Golubar.jpg,Croatia.png,https://en.wikipedia.org/wiki/Josip_Golubar,0.1,Josip Golubar
Valour FC,Mathias Janssens,g,26,Belgium,1998-03-09,Mathias-Janssens.jpg,Belgium.png,https://en.wikipedia.org/wiki/Mathias_Janssens,0.38,Mathias Janssens
Valour FC,Raphael Ohin,m,27,Ghana,1995-05-25,Raphael-Ohin.jpg,Ghana.png,https://en.wikipedia.org/wiki/Raphael_Ohin,0.35,Raphael Ohin
Valour FC,Diego Gutiérrez,m,8,Canada,1997-02-18,Diego-Gutiérrez.jpg,Canada.png,https://en.wikipedia.org/wiki/Diego_Gutiérrez,0.41,Diego Gutiérrez
Valour FC,Ali Musse,m,23,Canada,1996-01-01,Ali-Musse.jpg,Canada.png,https://en.wikipedia.org/wiki/Ali_Musse,0.35,Ali Musse
Valour FC,Michael Petrasso,m,9,Canada,1995-07-09,Michael-Petrasso.jpg,Canada.png,https://en.wikipedia.org/wiki/Michael_Petrasso,0.6,Michael Petrasso
Valour FC,Louis Béland-Goyette,m,5,Canada,1995-09-15,Louis-Béland-Goyette.jpg,Canada.png,https://en.wikipedia.org/wiki/Louis_Béland-Goyette,0.64,Louis Béland-Goyette
Valour FC,Calum Ferguson,f,12,Canada,1995-02-12,Calum-Ferguson.jpg,Canada.png,https://en.wikipedia.org/wiki/Calum_Ferguson,0.06,Calum Ferguson
Valour FC,Marco Bustos,m,22,Canada,1996-04-22,Marco-Bustos.jpg,Canada.png,https://en.wikipedia.org/wiki/Marco_Bustos,0.91,Marco Bustos
Valour FC,Federico Peña,f,77,Canada,1999-03-30,Federico-Peña.jpg,Canada.png,https://en.wikipedia.org/wiki/Federico_Peña,0.05,Federico Peña
Valour FC,José Antonio Galán Pedrosa,m,21,Spain,1986-02-02,empty.jpg,Spain.png,https://en.wikipedia.org/wiki/José_Antonio_Galán_Pedrosa,0.25,José Galán
Valour FC,Michele Paolucci,f,17,Italy,1986-02-06,empty.jpg,Italy.png,https://en.wikipedia.org/wiki/Michele_Paolucci,0.3,Michele Paolucci
York9 FC,Nathan Ingham,g,1,Canada,1993-06-27,Nathan-Ingham.jpg,Canada.png,https://en.wikipedia.org/wiki/Nathan_Ingham,0.93,Nathan Ingham
York9 FC,Daniel Gogarty,d,2,Canada,1996-12-07,Daniel-Gogarty.jpg,Canada.png,https://en.wikipedia.org/wiki/Daniel_Gogarty,0.41,Daniel Gogarty
York9 FC,Morey Doner,d,3,Canada,1994-03-25,Morey-Doner.jpg,Canada.png,https://en.wikipedia.org/wiki/Morey_Doner,0.86,Morey Doner
York9 FC,Justin Springer,d,5,Saint Kitts and Nevis,1993-07-08,Justin-Springer.jpg,StKitts.png,https://en.wikipedia.org/wiki/Justin_Springer,0.29,Justin Springer
York9 FC,Roger Thompson,d,6,Canada,1991-12-19,Roger-Thompson.jpg,Canada.png,https://en.wikipedia.org/wiki/Roger_Thompson,0.23,Roger Thompson
York9 FC,Austin Ricci,f,7,Canada,1996-04-08,Austin-Ricci.jpg,Canada.png,https://en.wikipedia.org/wiki/Austin_Ricci,0.09,Austin Ricci
York9 FC,Joseph Di Chiara,m,8,Canada,1992-01-30,Joseph-DiChiara.jpg,Canada.png,https://en.wikipedia.org/wiki/Joseph_Di_Chiara,0.46,Joseph Di Chiara
York9 FC,Manuel Aparicio,m,10,Canada,1995-09-17,Manuel-Aparicio.jpg,Canada.png,https://en.wikipedia.org/wiki/Manuel_Aparicio,0.64,Manny Aparicio
York9 FC,Emilio Estevez Tsai,m,11,Canada,1998-08-10,Emilio-Estevez.jpg,Canada.png,https://en.wikipedia.org/wiki/Emilio_Estevez,0.21,Emilio Estevez
York9 FC,Simon Karlsson Adjei,f,12,Sweden,1993-11-10,Simon-KarlssonAdjei.jpg,Sweden.png,https://en.wikipedia.org/wiki/Simon_Karlsson_Adjei,0.47,Simon Karlsson Adjei
York9 FC,Luca Gasparotto,d,13,Canada,1995-03-09,Luca-Gasparotto.jpg,Canada.png,https://en.wikipedia.org/wiki/Luca_Gasparotto,0.93,Luca Gasparotto
York9 FC,Cyrus Rollocks,f,17,Canada,1998-03-03,Cyrus-Rollocks.jpg,Canada.png,https://en.wikipedia.org/wiki/Cyrus_Rollocks,0.05,Cyrus Rollocks
York9 FC,Ryan Telfer,m,18,Canada,1994-03-04,Ryan-Telfer.jpg,Canada.png,https://en.wikipedia.org/wiki/Ryan_Telfer,0.79,Ryan Telfer
York9 FC,Kyle Porter,m,19,Canada,1990-01-19,Kyle-Porter.jpg,Canada.png,https://en.wikipedia.org/wiki/Kyle_Porter,0.65,Kyle Porter
York9 FC,Diyaeddine Abzi,d,20,Canada,1998-11-23,Diyaeddine-Abzi.jpg,Canada.png,https://en.wikipedia.org/wiki/Diyaeddine_Abzi,0.92,Diyaeddine Abzi
York9 FC,Wataru Murofushi,m,23,Japan,1995-06-13,Wataru-Murofushi.jpg,Japan.png,https://en.wikipedia.org/wiki/Wataru_Murofushi,0.45,Wataru Murofushi
York9 FC,Colm Vance,g,31,Canada,1992-08-31,Colm-Vance.jpg,Canada.png,https://en.wikipedia.org/wiki/Colm_Vance,0.06,Colm Vance
York9 FC,Steven Furlano,d,77,Canada,1998-02-06,empty.jpg,Canada.png,https://en.wikipedia.org/wiki/Steven_Furlano,0.17,Steven Furlano
York9 FC,Michael Cox,f,92,Canada,1992-08-02,Michael-Cox.jpg,Canada.png,https://en.wikipedia.org/wiki/Michael_Cox,0.03,Michael Cox
York9 FC,Rodrigo Pablo Gattas Bertoni,f,22,Chile,1991-12-02,empty.jpg,Chile.png,https://en.wikipedia.org/wiki/Rodrigo_Gattas,0.7,Rodrigo Gattas
York9 FC,Matthew Silva,g,1,Canada,1991-03-28,Matthew-Silva.jpg,Canada.png,https://en.wikipedia.org/wiki/Matt_Silva,0.0,Matt Silva
York9 FC,Emmanuel Zambazis,m,14,Canada,1997-04-24,Emmanuel-Zambazis.jpg,Canada.png,https://en.wikipedia.org/wiki/Emmanuel_Zambazis,0.26,Emmanuel Zambazis
York9 FC,Stefan Lamanna,f,21,Canada,1995-07-31,empty.jpg,Canada.png,https://en.wikipedia.org/wiki/Stefan_Lamanna,0.05,Stefan Lamanna
York9 FC,Michael Cox,f,92,Canada,1992-08-02,Michael-Cox.jpg,Canada.png,https://en.wikipedia.org/wiki/Michael_Cox,0.03,Michael Cox
York9 FC,Stefan Lamanna,f,21,Canada,1995-07-31,Stefan-Lamanna.jpg,Canada.png,https://en.wikipedia.org/wiki/Stefan_Lamanna,0.05,Stefan Lamanna
York9 FC,Steven Furlano,d,77,Canada,1998-02-06,empty.jpg,Canada.png,https://en.wikipedia.org/wiki/Steven_Furlano,0.17,Steven Furlano
