team,name,number,position,first,last,minutes,touches,passes,pass-acc,crosses,cross-acc,assists,chances,goals,shots,s-target,s-box,s-out-box,tackles,t-won,duels,d-won,clearances,interceptions,yellow,red,f-won,f-conceded,shots faced,saves,claimed crosses,cs
ATO,Ajay Khabra,23,m,Ajay,Khabra,289,150,125,92.0,1,0.0,0,1,0,1,0,1,0,4,3,28,9,3,0,1,0,3,9,0,0,0,0
ATO,Antoine Coupland,11,m,Antoine,Coupland,97,29,12,100.0,0,0.0,0,0,0,0,0,0,0,4,3,16,9,0,0,1,0,2,4,0,0,0,0
ATO,Ben Fisk,10,m,Ben,Fisk,511,232,152,73.1,10,0.0,0,4,1,6,4,2,4,9,6,52,17,5,1,1,0,4,4,0,0,0,0
ATO,Ben McKendry,22,m,Ben,McKendry,318,210,154,58.8,2,0.0,0,2,0,2,1,0,2,17,13,41,21,4,5,1,0,0,7,0,0,0,0
ATO,Evan Brandon John,4,d,Brandon,John,528,242,185,84.2,0,0.0,0,2,0,0,0,0,0,4,3,39,26,18,7,2,0,15,10,0,0,0,0
ATO,Francisco Javier Acuña Víctor,8,m,Francisco,Acuña,442,280,193,85.0,11,0.0,2,9,2,3,3,3,0,8,8,56,26,0,1,2,0,8,3,0,0,0,0
ATO,Gianfranco Facchineri,6,d,Gianfranco,Facchineri,206,88,52,87.5,0,0.0,0,0,0,1,0,1,0,9,8,20,12,10,2,0,0,2,4,0,0,0,0
ATO,Ignacio Zabal Almazán,1,g,Nacho,Zabal,540,267,204,60.5,0,0.0,0,0,0,0,0,0,0,0,0,1,1,5,0,0,0,1,0,33,23,1,2
ATO,Jarred Phillips,14,d,Jarred,Phillips,244,140,65,50.0,5,0.0,0,0,0,0,0,0,0,5,4,25,10,4,5,0,0,3,2,0,0,0,0
ATO,Maksym Kowal,21,f,Maksym,Kowal,51,20,12,60.0,0,0.0,0,0,0,0,0,0,0,0,0,12,3,0,2,0,0,1,1,0,0,0,0
ATO,Malcolm Isaiah Shaw,19,f,Malcolm,Shaw,505,200,102,76.9,2,0.0,1,3,2,12,4,10,2,3,3,94,33,7,1,0,0,15,17,0,0,0,0
ATO,Malyk Hamilton,2,m,Malyk,Hamilton,540,358,223,93.2,22,0.0,1,2,0,0,0,0,0,10,6,41,18,11,10,0,0,2,11,0,0,0,0
ATO,Michel Djaozandry,12,m,Michel,Djaozandry,6,4,1,100.0,0,0.0,0,0,0,0,0,0,0,1,1,2,1,0,0,0,0,0,0,0,0,0,0
ATO,Milovan Kapor,3,d,Milovan,Kapor,424,219,168,88.1,0,0.0,0,1,0,0,0,0,0,4,4,27,12,21,10,1,1,3,8,0,0,0,0
ATO,Mohamed Kourouma,9,f,Mohamed,Kourouma,527,316,201,78.9,26,0.0,0,4,1,13,5,5,8,11,7,61,29,1,2,1,0,9,10,0,0,0,0
ATO,Vashon Neufville,44,d,Vashon,Neufville,196,121,71,65.6,8,0.0,1,2,0,0,0,0,0,2,1,22,8,1,4,0,1,3,8,0,0,0,0
ATO,Víctor Martínez Manrique,5,m,Viti,Martínez,450,247,174,72.4,2,0.0,0,0,1,5,3,3,2,7,4,49,20,7,8,2,0,5,8,0,0,0,0
CFC,Aribim Pepple,24,f,Aribim,Pepple,41,25,8,33.3,0,0.0,0,1,0,1,1,1,0,1,0,12,2,0,1,0,0,0,2,0,0,0,0
CFC,Bruno Zebie,16,m,Bruno,Zebie,275,169,111,80.0,3,0.0,0,1,0,2,0,1,1,11,8,39,22,2,3,0,0,7,4,0,0,0,0
CFC,Dean Northover,12,d,Dean,Northover,272,186,114,58.8,2,0.0,0,1,0,1,0,0,1,7,3,34,20,4,6,0,0,9,6,0,0,0,0
CFC,Dominick Zator,4,d,Dominick,Zator,630,573,486,75.6,7,0.0,0,3,1,6,2,5,1,10,8,54,35,12,5,0,0,5,5,0,0,0,0
CFC,Elijah Adekugbe,8,m,Elijah,Adekugbe,413,357,275,90.2,19,50.0,1,8,0,4,3,1,3,8,6,44,29,3,6,2,0,11,5,0,0,0,0
CFC,Elliot Simmons,15,m,Elliot,Simmons,357,278,231,60.0,2,0.0,0,1,0,1,0,0,1,9,6,39,15,0,6,0,0,0,6,0,0,0,0
CFC,Jair Ayrton Córdova Carpio,19,f,Jair,Córdova,15,4,3,100.0,0,0.0,0,1,0,0,0,0,0,0,0,4,1,0,0,0,0,1,0,0,0,0,0
CFC,Jonathan Wheeldon,14,d,Jay,Wheeldon,358,281,239,74.1,0,0.0,0,0,0,1,0,0,1,2,1,26,15,21,7,1,0,2,5,0,0,0,0
CFC,Jordan Brown,9,f,Jordan,Brown,427,124,66,60.0,5,0.0,0,2,3,14,5,9,5,2,1,43,10,1,0,0,0,4,10,0,0,0,0
CFC,José Hernández,20,f,Jose,Hernandez,8,13,5,100.0,0,0.0,0,0,0,0,0,0,0,2,1,3,3,3,0,0,0,1,1,0,0,0,0
CFC,Marco Carducci,1,g,Marco,Carducci,540,214,173,79.2,0,0.0,0,0,0,0,0,0,0,0,0,2,2,2,0,0,0,2,0,13,7,0,3
CFC,Marcus Haber,29,f,Marcus,Haber,344,129,80,54.5,9,0.0,0,4,2,9,6,9,0,1,0,67,27,2,0,1,0,8,16,0,0,0,0
CFC,Mason Trafford,5,d,Mason,Trafford,540,387,334,80.0,1,0.0,0,2,0,2,1,2,0,6,5,33,20,16,8,0,0,5,3,0,0,0,0
CFC,Mohamed Farsi,21,d,Mohamed,Farsi,341,279,159,66.7,22,0.0,1,4,0,1,0,1,0,9,6,34,24,7,8,1,0,12,5,0,0,0,0
CFC,Nathan Mavila,3,d,Nathan,Mavila,508,368,198,74.1,26,100.0,0,4,3,8,5,5,3,6,4,68,30,5,7,0,0,8,14,0,0,0,0
CFC,Nico Pasquotti,17,f,Nico,Pasquotti,506,305,155,72.4,17,0.0,0,5,0,9,2,5,4,6,6,81,39,1,4,0,0,11,5,0,0,0,0
CFC,Nikolas Giantsopoulos,22,g,Niko,Giantsopoulos,90,30,21,61.9,0,0.0,0,0,0,0,0,0,0,0,0,1,1,1,0,0,0,0,0,3,2,1,0
CFC,Nikolas Ledgerwood,6,m,Nik,Ledgerwood,366,217,146,68.0,24,66.7,1,7,0,4,1,2,2,10,5,45,22,2,4,1,0,9,11,0,0,0,0
CFC,Oliver Minatel,7,f,Oliver,Minatel,454,192,133,65.4,5,0.0,1,6,0,7,2,3,4,6,3,56,25,2,0,0,0,8,9,0,0,0,0
CFC,Robert Boskovic,25,d,Robert,Boskovic,315,266,222,73.7,0,0.0,0,0,0,1,0,1,0,8,4,28,16,4,6,2,0,4,4,0,0,0,0
CFC,Sergio Camargo,10,m,Sergio,Camargo,130,64,39,72.7,4,0.0,0,1,1,4,1,2,2,3,1,12,7,0,0,1,0,1,1,0,0,0,0
FCE,Allan Zebie,4,d,Allan,Zebie,412,269,217,92.9,0,0.0,0,2,0,3,1,1,2,11,9,36,22,0,7,0,0,2,1,0,0,0,0
FCE,Amer Didic,55,d,Amer,Didic,151,125,105,96.8,0,0.0,0,0,0,2,0,1,1,3,3,12,10,6,1,0,0,0,1,0,0,0,0
FCE,Antony Caceres,20,m,Anthony,Caceres,203,104,60,83.3,2,0.0,1,3,0,1,0,1,0,5,5,30,16,1,0,0,0,4,4,0,0,0,0
FCE,Chance Carter,14,m,Chance,Carter,128,74,56,100.0,0,0.0,0,1,0,1,0,0,1,4,3,11,7,0,3,0,0,2,2,0,0,0,0
FCE,Connor James,1,g,Connor,James,450,158,123,79.2,0,0.0,0,0,0,0,0,0,0,0,0,4,4,4,0,0,0,2,0,21,10,2,0
FCE,David Doe,26,f,David,Doe,27,7,3,33.3,0,0.0,0,0,0,0,0,0,0,0,0,2,1,0,0,0,0,1,0,0,0,0,0
FCE,Duran Lee,23,d,Duran,Lee,123,101,55,75.9,2,100.0,0,1,0,0,0,0,0,6,4,24,15,5,1,1,0,1,1,0,0,0,0
FCE,Dylon Powley,13,g,Dylon,Powley,90,37,30,80.0,0,0.0,0,0,0,0,0,0,0,0,0,1,1,0,0,0,0,0,0,4,3,0,0
FCE,Easton Ongaro,19,f,Easton,Ongaro,405,143,73,100.0,6,0.0,0,4,2,9,2,7,2,2,1,63,24,0,0,0,0,4,4,0,0,0,0
FCE,Erik Zetterberg,21,m,Erik,Zetterberg,450,312,248,84.4,10,100.0,0,8,0,4,0,0,4,7,4,38,17,2,7,2,0,7,7,0,0,0,0
FCE,Hanson Boakai,10,m,Hanson,Boakai,309,200,126,92.6,12,25.0,0,2,0,3,2,3,0,7,4,41,19,1,0,0,0,4,5,0,0,0,0
FCE,Jeannot Esua,3,d,Jeannot,Esua,527,404,236,77.3,23,0.0,0,3,0,3,0,2,1,4,3,58,33,20,11,1,0,13,5,0,0,0,0
FCE,Kareem Moses,12,d,Kareem,Moses,139,61,36,85.7,0,0.0,0,0,0,3,0,3,0,3,1,12,5,10,1,0,0,1,3,0,0,0,0
FCE,Keven Steven Alemán Bustos,11,m,Keven,Alemán,492,312,192,69.6,20,0.0,0,7,1,11,1,7,4,10,8,77,40,1,0,1,0,17,6,0,0,0,0
FCE,Marcus Velado-Tsegaye,17,f,Marcus,Velado-Tsegaye,140,85,48,90.9,3,0.0,0,0,1,6,2,1,5,2,1,17,9,0,0,0,0,3,1,0,0,0,0
FCE,Mélé Temguia,8,d,Mélé,Temguia,450,350,274,80.0,1,0.0,0,0,0,5,1,5,0,15,12,56,32,11,11,0,0,7,13,0,0,0,0
FCE,Prince Amanda,16,f,Prince,Amanda,83,60,31,90.0,6,0.0,0,0,0,1,0,1,0,3,3,15,8,0,2,0,0,2,0,0,0,0,0
FCE,Ramon Soria,5,d,Ramon,Soria,540,421,364,85.4,3,0.0,0,2,0,2,0,2,0,10,7,43,26,17,6,0,0,4,6,0,0,0,0
FCE,Samuel Gardner,33,d,Sam,Gardner,82,72,51,80.0,2,0.0,0,0,0,1,0,1,0,4,3,14,7,2,3,1,0,0,3,0,0,0,0
FCE,Terique Mohammed,57,d,Terique,Mohammed,213,146,70,66.7,6,0.0,1,1,0,1,0,0,1,9,6,35,18,7,1,0,1,7,5,0,0,0,0
FCE,Tomi Ameobi,18,f,Tomi,Ameobi,272,101,65,75.0,0,0.0,0,2,0,3,2,3,0,4,2,46,22,1,0,2,0,5,8,0,0,0,0
FCE,Yong-Chan Son,7,m,Yong-Chan,Son,213,112,67,83.3,5,0.0,0,3,0,0,0,0,0,1,0,15,6,1,2,0,0,3,5,0,0,0,0
FFC,Alexander Achinioti-Jönsson,13,m,Alexander,Achinioti-Jönsson,459,301,237,78.9,1,0.0,0,2,2,5,4,5,0,10,5,44,29,10,10,0,0,8,9,0,0,0,0
FFC,Anthony Novak,23,f,Anthony,Novak,255,108,63,57.1,0,0.0,0,1,1,6,4,6,0,3,3,37,15,0,0,0,0,9,3,0,0,0,0
FFC,Baj Maan,31,g,Baj,Maan,90,45,28,71.4,0,0.0,0,0,0,0,0,0,0,0,0,2,2,2,0,0,0,2,0,8,6,1,0
FFC,Christopher Nanco,11,f,Chris,Nanco,168,80,41,33.3,5,0.0,0,1,2,4,3,2,2,3,2,33,9,1,0,0,0,2,5,0,0,0,0
FFC,Daniel Krutzen,5,d,Daniel,Krutzen,511,524,438,60.7,4,0.0,0,1,1,7,2,3,4,7,5,54,32,21,15,1,0,11,10,0,0,0,0
FFC,David Choinière,7,m,David,Choinière,247,166,91,100.0,12,100.0,1,3,1,3,1,3,0,5,4,48,19,1,1,0,0,10,5,0,0,0,0
FFC,David Edgar,30,d,David,Edgar,450,420,352,77.4,0,0.0,0,1,0,3,2,3,0,6,4,30,20,31,5,2,0,2,7,0,0,0,0
FFC,Dominic Samuel,4,d,Dominic,Samuel,370,335,207,100.0,5,0.0,0,1,0,2,0,1,1,11,3,63,39,10,7,2,0,9,8,0,0,0,1
FFC,Elimane Cissé,3,m,Elimane,Cissé,307,277,159,81.8,9,0.0,0,4,0,5,3,5,0,15,11,65,39,8,5,0,0,10,8,0,0,0,0
FFC,Gabriel Wiethaeuper-Balbinotti,20,f,Gabriel,Balbinotti,62,39,25,58.3,0,0.0,0,0,0,3,0,2,1,0,0,19,5,0,0,0,0,1,3,0,0,0,0
FFC,Jonathan Grant,2,d,Jonathan,Grant,78,47,25,76.0,1,0.0,0,1,0,0,0,0,0,0,0,10,2,5,0,1,0,1,4,0,0,0,0
FFC,Jordan Dunstan,21,d,Jordan,Dunstan,180,121,74,100.0,2,0.0,0,1,0,0,0,0,0,4,3,24,15,7,5,0,0,1,5,0,0,0,0
FFC,Kadell Thomas,17,f,Kadell,Thomas,194,98,42,85.7,7,0.0,0,1,0,3,1,3,0,11,7,47,20,0,2,1,0,3,6,0,0,0,0
FFC,Klaidi Cela,16,d,Klaidi,Cela,2,2,1,0.0,0,0.0,0,0,0,0,0,0,0,0,0,2,0,0,0,1,0,0,1,0,0,0,0
FFC,Kwame Awuah,6,d,Kwame,Awuah,392,346,227,62.5,7,0.0,0,2,1,2,2,1,1,15,11,51,35,9,7,1,0,7,4,0,0,0,0
FFC,Kyle Bekker,10,m,Kyle,Bekker,456,331,245,80.6,25,0.0,0,8,3,11,4,4,7,5,1,46,18,4,5,0,0,8,6,0,0,0,0
FFC,Marcel Zajac,9,f,Marcel,Zajac,170,82,41,71.4,3,0.0,0,0,0,4,1,3,1,5,4,28,12,1,3,2,0,4,4,0,0,0,0
FFC,Maxim Tissot,15,d,Maxim,Tissot,200,177,121,42.9,15,0.0,2,7,0,6,1,1,5,4,3,28,10,3,2,1,0,1,2,0,0,0,0
FFC,Molham Babouli,19,f,Mo,Babouli,245,132,69,100.0,3,0.0,1,3,0,3,1,1,2,5,4,47,19,1,1,0,0,4,7,0,0,0,0
FFC,Monti Mohsen,22,d,Monti,Mohsen,208,96,45,77.8,9,50.0,0,3,0,0,0,0,0,3,3,25,16,3,1,0,0,10,0,0,0,0,0
FFC,Paolo Sabak,24,m,Paolo,Sabak,445,299,223,84.4,7,0.0,2,9,1,8,2,4,4,2,1,59,32,2,4,0,0,17,5,0,0,0,0
FFC,Triston Henry,1,g,Triston,Henry,450,213,154,64.5,0,0.0,0,0,0,0,0,0,0,0,0,4,4,4,0,0,0,2,0,20,13,3,2
HFX,Aboubacar Sissoko,17,m,Aboubacar,Sissoko,441,299,227,76.3,2,0.0,0,2,0,4,0,1,3,10,9,65,28,1,2,0,0,7,10,0,0,0,0
HFX,Akeem Garcia,11,f,Akeem,Garcia,432,138,78,77.8,1,0.0,0,3,3,11,7,10,1,4,0,47,23,1,0,0,0,14,9,0,0,0,0
HFX,Alessandro Riggi,10,f,Alessandro,Riggi,225,104,62,57.1,5,0.0,1,5,0,3,2,2,1,8,6,30,12,1,3,0,0,3,3,0,0,0,0
HFX,Alex De Carolis,24,d,Alex,De Carolis,261,124,55,66.7,10,60.0,0,3,1,2,1,0,2,6,5,22,15,4,4,1,0,3,3,0,0,0,0
HFX,Alex Marshall,7,m,Alex,Marshall,338,158,89,66.7,9,0.0,1,3,0,3,0,0,3,7,4,56,30,1,2,1,0,7,8,0,0,0,0
HFX,Andre Rampersad,18,m,Andre,Rampersad,474,274,197,77.8,4,0.0,2,7,0,1,0,1,0,7,4,62,40,4,12,1,0,15,6,0,0,0,0
HFX,Chrisnovic N'Sa,6,d,Chris,N'sa,427,287,134,66.7,11,0.0,0,1,0,2,0,1,1,19,17,62,35,10,8,0,0,9,6,0,0,0,0
HFX,Christian Oxner,50,g,Christian,Oxner,270,98,67,53.6,0,0.0,0,0,0,0,0,0,0,0,0,2,2,3,0,1,0,2,0,11,9,1,1
HFX,Cory Bent,23,m,Cory,Bent,337,161,88,60.0,19,30.0,0,6,1,4,1,3,1,6,2,51,22,1,3,0,0,11,8,0,0,0,0
HFX,Daniel Kinumbe,13,d,Daniel,Kinumbe,45,18,8,62.5,0,0.0,0,0,0,0,0,0,0,1,1,6,4,0,1,0,0,3,0,0,0,0,0
HFX,Ibrahima Sanoh,9,f,Ibrahima,Sanoh,72,31,13,50.0,1,0.0,0,1,1,2,1,1,1,0,0,12,5,1,0,0,0,1,0,0,0,0,0
HFX,Jake Ruby,20,d,Jake,Ruby,125,87,43,80.6,2,0.0,0,0,0,2,1,1,1,4,3,19,10,6,0,0,0,2,2,0,0,0,0
HFX,Jason Beaulieu,1,g,Jason,Beaulieu,270,107,79,73.9,0,0.0,0,0,0,0,0,0,0,0,0,5,4,2,0,1,0,3,2,13,8,0,0
HFX,Jems Geffrard,3,d,Jems,Geffrard,540,263,209,85.4,0,0.0,0,0,0,2,1,2,0,4,3,25,16,20,11,1,0,3,4,0,0,0,0
HFX,João Morelli Neto,22,f,João,Morelli,239,137,85,76.2,5,0.0,0,2,3,7,5,5,2,5,4,39,15,1,2,0,1,3,7,0,0,0,0
HFX,Louis Béland-Goyette,5,m,Louis,Béland-Goyette,435,271,214,83.9,3,0.0,0,4,0,1,0,0,1,12,9,57,22,4,9,2,0,3,20,0,0,0,0
HFX,Mateo Restrepo,14,d,Mateo,Restrepo,283,183,112,50.0,2,100.0,0,0,0,0,0,0,0,15,12,28,19,6,10,1,0,1,5,0,0,0,0
HFX,Omar Kreim,8,m,Omar,Kreim,110,62,26,0.0,3,0.0,0,1,1,3,1,2,1,4,4,22,13,2,3,0,0,6,0,0,0,0,0
HFX,Peter Schaale,2,d,Peter,Schaale,540,342,254,65.8,1,0.0,0,1,0,2,0,2,0,10,6,49,29,37,8,3,0,4,5,0,0,0,0
HFX,Scott Firth,15,m,Scott,Firth,8,7,6,100.0,0,0.0,0,1,0,0,0,0,0,0,0,0,0,0,0,0,0,0,0,0,0,0,0
PFC,Abdoulaye Samake,5,d,Abdou,Samake,1,0,0,0.0,0,0.0,0,0,0,0,0,0,0,0,0,0,0,0,0,0,0,0,0,0,0,0,0
PFC,Alejandro Díaz Liceága,9,f,Alejandro,Diaz,232,119,84,100.0,2,0.0,1,5,2,10,5,10,0,2,1,26,11,1,0,0,0,1,3,0,0,0,0
PFC,Alessandro Hojabrpour,21,m,Alessandro,Hojabrpour,225,105,78,79.2,0,0.0,0,1,0,3,0,1,2,6,5,19,10,3,1,0,0,1,4,0,0,0,0
PFC,Callum Irving,13,g,Callum,Irving,270,150,101,66.7,0,0.0,0,0,0,0,0,0,0,1,0,4,4,3,0,0,0,2,0,17,15,3,1
PFC,Jamar Dixon,22,m,Jamar,Dixon,320,178,131,75.0,0,0.0,0,4,1,5,2,3,2,11,5,44,19,4,1,2,0,2,15,0,0,0,0
PFC,Jordan Haynes,3,d,Jordan,Haynes,257,225,157,80.4,3,50.0,0,1,0,0,0,0,0,7,4,30,19,6,4,2,0,4,5,0,0,0,0
PFC,Josh Heard,11,m,Josh,Heard,27,15,9,100.0,0,0.0,0,0,0,2,0,2,0,0,0,5,1,0,0,0,0,0,2,0,0,0,0
PFC,Kadin Chung,7,d,Kadin,Chung,315,327,200,85.1,16,0.0,0,4,0,0,0,0,0,16,13,50,36,7,5,0,0,6,2,0,0,0,0
PFC,Lukas MacNaughton,6,d,Lukas,MacNaughton,450,415,341,82.4,1,0.0,0,1,1,7,1,6,1,7,4,51,35,22,8,0,0,7,9,0,0,0,0
PFC,Marcel de Jong,17,d,Marcel,de Jong,200,248,153,0.0,18,0.0,0,7,0,7,2,3,4,3,3,17,10,11,8,0,0,1,1,0,0,0,0
PFC,Marco Bustos,10,m,Marco,Bustos,433,306,194,87.5,20,20.0,1,9,2,17,6,14,3,2,2,63,36,1,2,3,0,19,10,0,0,0,0
PFC,Matthew Baldisimo,8,m,Matthew,Baldisimo,440,287,225,72.9,2,0.0,1,5,0,4,2,1,3,13,10,58,29,5,6,1,0,8,14,0,0,0,0
PFC,Noah Verhoeven,19,m,Noah,Verhoeven,109,115,89,81.5,4,0.0,0,3,0,2,2,1,1,3,3,16,9,0,1,0,0,1,2,0,0,0,0
PFC,Nolan Wirth,1,g,Nolan,Wirth,180,133,96,66.7,0,0.0,0,0,0,0,0,0,0,0,0,6,4,3,0,0,0,3,1,12,7,0,0
PFC,Sean Young,20,m,Sean,Young,212,106,79,66.7,0,0.0,0,4,0,3,1,3,0,4,2,21,13,2,2,0,0,3,3,0,0,0,0
PFC,Terran Campbell,14,f,Terran,Campbell,218,95,47,85.7,3,0.0,0,2,0,6,1,5,1,5,4,42,13,2,0,0,0,2,9,0,0,0,0
PFC,Thomas Meilleur-Giguère,26,d,Thomas,Meilleur-Giguère,450,390,331,93.2,0,0.0,0,1,0,3,2,3,0,2,2,24,10,25,13,0,0,0,2,0,0,0,0
PFC,Victor Blasco,23,m,Victor,Blasco,431,296,167,67.9,27,33.3,2,11,1,14,1,7,7,9,6,68,35,3,3,2,0,9,7,0,0,0,0
PFC,Zachary Verhoven,16,m,Zach,Verhoven,180,202,108,63.6,14,100.0,1,11,1,5,2,4,1,10,6,54,24,0,4,1,0,2,11,0,0,0,0
VFC,Andrew Jean-Baptiste,35,d,Andrew,Jean-Baptiste,462,279,223,82.9,1,0.0,0,0,1,3,2,3,0,5,5,32,19,18,11,0,0,5,9,0,0,0,0
VFC,Arnold Bouka Moutou,29,d,Arnold,Bouka Moutou,70,34,17,52.9,2,0.0,0,0,0,0,0,0,0,2,1,11,5,0,1,0,0,2,1,0,0,0,0
VFC,Austin Ricci,9,f,Austin,Ricci,365,124,51,77.8,5,0.0,0,3,0,9,5,9,0,6,5,48,20,0,0,3,0,9,9,0,0,0,0
VFC,Brett Levis,17,m,Brett,Levis,383,296,182,76.7,12,100.0,2,5,0,2,2,1,1,11,7,55,29,4,9,1,0,9,9,0,0,0,0
VFC,Chakib Hocine,4,d,Chakib,Hocine,66,28,22,77.3,0,0.0,0,0,0,1,0,1,0,1,1,8,4,2,0,0,0,1,3,0,0,0,0
VFC,Dante Campbell,48,m,Dante,Campbell,227,157,95,71.4,1,0.0,0,1,0,0,0,0,0,6,5,29,13,4,5,1,0,5,4,0,0,0,0
VFC,Daryl Fordyce,16,f,Daryl,Fordyce,162,61,39,61.5,1,0.0,0,0,1,6,3,4,2,1,1,17,6,1,1,0,0,3,5,0,0,0,0
VFC,Diego Gutiérrez,8,m,Diego,Gutiérrez,489,388,306,81.3,8,0.0,0,3,0,3,0,1,2,8,6,43,19,3,10,1,0,6,10,0,0,0,0
VFC,Dylan Carreiro,10,m,Dylan,Carreiro,334,186,118,81.8,21,0.0,0,7,1,9,4,4,5,5,2,32,22,0,0,1,0,13,1,0,0,0,0
VFC,Federico Peña,77,f,Federico,Peña,327,171,87,91.7,9,0.0,0,2,0,3,0,2,1,14,7,38,22,4,6,0,1,3,4,0,0,0,0
VFC,Fraser Aird,33,m,Fraser,Aird,455,253,159,68.0,25,0.0,0,9,1,12,7,5,7,2,2,32,9,5,0,3,0,5,9,0,0,0,0
VFC,James Pantemis,1,g,James,Pantemis,630,242,167,76.0,0,0.0,0,1,0,0,0,0,0,0,0,3,3,7,0,0,0,1,0,28,19,2,2
VFC,José Antonio Galán Pedrosa,21,m,José,Galán,310,252,203,91.3,3,0.0,1,2,1,5,1,1,4,10,9,43,18,4,6,2,0,3,10,0,0,0,0
VFC,Julian Dunn-Johnson,5,d,Julian,Dunn,630,378,282,80.0,1,0.0,0,2,0,0,0,0,0,14,7,69,35,22,10,0,0,3,8,0,0,0,0
VFC,Mastanabal Kacher,7,f,Masta,Kacher,360,183,123,66.7,10,0.0,0,6,1,7,1,4,3,1,1,25,11,0,2,1,0,6,2,0,0,0,0
VFC,Moses Dyer,6,m,Moses,Dyer,271,134,72,0.0,3,0.0,0,3,1,8,2,6,2,3,2,47,26,2,4,0,0,12,10,0,0,0,0
VFC,Raphael Ohin,27,m,Raphael,Ohin,503,345,278,84.2,0,0.0,0,4,0,9,2,1,8,7,3,45,23,5,11,1,0,10,9,0,0,0,0
VFC,Raphaël Garcia,2,d,Raphaël,Garcia,26,14,6,100.0,0,0.0,0,0,0,1,1,1,0,1,0,4,2,1,1,0,0,1,0,0,0,0,0
VFC,Shaan Hundal,11,f,Shaan,Hundal,232,67,36,72.7,2,0.0,2,5,0,4,4,2,2,1,1,30,4,0,0,1,0,0,7,0,0,0,0
VFC,Solomon Kojo Antwi,25,m,Solomon,Kojo Antwi,78,44,21,75.0,0,0.0,0,0,0,1,0,0,1,5,3,16,6,0,1,0,0,1,2,0,0,0,0
VFC,Stefan Cebara,14,m,Stefan,Cebara,458,308,202,80.5,2,0.0,0,4,0,2,1,2,0,6,5,45,21,6,8,1,0,6,6,0,0,0,0
VFC,Yohan Le Bourhis,4,d,Yohan,Le Bourhis,90,45,38,76.3,0,0.0,0,0,1,2,2,2,0,0,0,7,5,1,0,0,0,0,2,0,0,0,0
Y9,Chris Mannella,5,m,Chris,Mannella,100,72,52,92.3,0,0.0,0,0,0,0,0,0,0,6,3,20,11,0,1,1,0,5,3,0,0,0,0
Y9,Diyaeddine Abzi,20,d,Diyaeddine,Abzi,438,299,158,79.4,19,0.0,0,7,0,10,2,6,4,8,6,48,22,7,7,0,0,6,5,0,0,0,0
Y9,Ezequiel Carrasco,37,g,Ezequiel,Carrasco,90,25,22,86.4,0,0.0,0,0,0,0,0,0,0,0,0,0,0,0,0,0,0,0,0,2,1,0,0
Y9,Fugo Segawa,26,d,Fugo,Segawa,353,267,176,100.0,6,0.0,0,2,0,1,0,1,0,8,7,35,18,6,7,1,0,8,7,0,0,0,0
Y9,Gabriel Monteiro Vasconcelos,99,f,Gabriel,Vasconcelos,88,28,18,75.0,0,0.0,0,0,0,1,0,1,0,0,0,3,0,0,0,0,0,0,1,0,0,0,0
Y9,Ijah Halley,14,d,Ijah,Halley,157,82,39,60.0,3,0.0,0,3,0,2,2,2,0,1,1,32,13,1,0,0,0,7,5,0,0,0,0
Y9,Isaiah Johnston,44,m,Isaiah,Johnston,18,14,10,0.0,0,0.0,0,0,0,0,0,0,0,2,2,3,2,0,0,0,0,0,1,0,0,0,0
Y9,Jace Kotsopoulos,12,f,Jace,Kotsopoulos,28,11,7,57.1,0,0.0,0,0,0,0,0,0,0,2,2,4,3,0,0,0,0,0,0,0,0,0,0
Y9,Joseph Di Chiara,8,m,Joseph,Di Chiara,540,384,283,78.0,9,50.0,0,5,3,12,6,7,5,12,8,77,38,6,7,4,0,17,14,0,0,0,0
Y9,Kyle Porter,19,m,Kyle,Porter,372,193,128,97.1,24,33.3,1,8,1,3,2,2,1,3,2,29,11,2,3,0,0,4,4,0,0,0,0
Y9,Lowell Wright,80,f,Lowell,Wright,127,35,16,60.0,0,0.0,0,0,1,3,1,3,0,2,2,12,3,2,0,0,0,0,1,0,0,0,0
Y9,Luca Gasparotto,13,d,Luca,Gasparotto,630,394,301,82.6,1,0.0,0,0,0,7,1,7,0,10,6,49,34,43,13,2,0,2,5,0,0,0,0
Y9,Manuel Aparicio,10,m,Manny,Aparicio,530,367,264,66.7,10,0.0,0,10,2,10,3,2,8,13,9,73,32,1,7,2,0,10,13,0,0,0,0
Y9,Matthew Arnone,17,d,Matthew,Arnone,62,31,24,78.3,0,0.0,0,0,0,0,0,0,0,1,1,3,2,1,2,0,0,1,1,0,0,0,0
Y9,Max Ferrari,16,m,Max,Ferrari,158,81,46,71.4,5,50.0,0,1,0,4,1,3,1,3,2,28,9,1,1,0,0,2,7,0,0,0,0
Y9,Michael Petrasso,21,m,Michael,Petrasso,130,43,20,33.3,4,0.0,0,0,0,5,1,4,1,0,0,10,4,2,0,0,0,3,1,0,0,0,0
Y9,Morey Doner,3,d,Morey,Doner,630,454,273,77.1,20,25.0,0,6,0,0,0,0,0,5,4,37,18,11,13,0,0,6,5,0,0,0,0
Y9,Nathan Ingham,29,g,Nathan,Ingham,540,193,144,85.7,0,0.0,0,1,0,0,0,0,0,0,0,4,3,5,0,0,0,1,0,19,13,2,2
Y9,Roger Thompson,6,d,Roger,Thompson,630,464,393,85.9,1,0.0,0,5,0,2,0,2,0,10,5,49,31,28,15,0,0,2,6,0,0,0,0
Y9,Ryan Telfer,18,m,Ryan,Telfer,620,309,154,71.4,44,37.5,0,11,0,18,7,8,10,9,7,88,45,4,7,3,0,15,10,0,0,0,0
Y9,Wataru Murofushi,23,m,Wataru,Murofushi,329,247,212,100.0,1,0.0,0,3,0,3,0,1,2,3,3,28,13,2,2,0,0,10,7,0,0,0,0
Y9,Álvaro Rivero Sánchez,7,f,Álvaro,Rivero,360,103,55,80.0,0,0.0,0,1,1,6,2,4,2,1,0,33,13,1,1,0,0,10,5,0,0,0,0
