game,team,name,position,number,first,last,minutes,touches,passes,pass-acc,crosses,cross-acc,assists,chances,goals,shots,s-target,s-box,s-out-box,tackles,t-won,duels,d-won,clearances,interceptions,yellow,red,f-won,f-conceded,shots faced,saves,claimed crosses,cs
II1,Forge FC,Alexander Achinioti-Jönsson,m,13.0,Alexander,Achinioti-Jönsson,90,48,38,78.9,0,0.0,0,0,0,0,0,0,0,0,0,6,5,3,0,0,0,2,0,0,0,0,0
II1,Forge FC,Anthony Novak,f,23.0,Anthony,Novak,66,24,14,57.1,0,0.0,0,0,1,1,1,1,0,0,0,7,3,0,0,0,0,1,1,0,0,0,0
II1,Forge FC,Christopher Nanco,f,11.0,Chris,Nanco,66,9,3,33.3,0,0.0,0,0,0,1,1,0,1,0,0,10,1,0,0,0,0,0,2,0,0,0,0
II1,Forge FC,Daniel Krutzen,d,5.0,Daniel,Krutzen,90,70,56,60.7,1,0.0,0,1,0,0,0,0,0,2,2,13,6,4,3,1,0,2,3,0,0,0,0
II1,Forge FC,David Choinière,m,7.0,David,Choinière,45,24,12,100.0,1,100.0,1,1,0,1,0,1,0,1,0,7,3,0,0,0,0,2,1,0,0,0,0
II1,Forge FC,David Edgar,d,30.0,David,Edgar,90,68,53,77.4,0,0.0,0,0,0,0,0,0,0,3,2,5,4,5,3,0,0,0,0,0,0,0,0
II1,Forge FC,Dominic Samuel,d,4.0,Dominic,Samuel,12,7,3,100.0,0,0.0,0,0,0,0,0,0,0,1,0,2,2,0,0,1,0,1,1,0,0,0,0
II1,Forge FC,Jonathan Grant,d,2.0,Jonathan,Grant,78,47,25,76.0,1,0.0,0,1,0,0,0,0,0,0,0,10,2,5,0,1,0,1,4,0,0,0,0
II1,Forge FC,Kadell Thomas,f,17.0,Kadell,Thomas,24,17,7,85.7,1,0.0,0,1,0,1,0,1,0,1,0,8,3,0,0,0,0,0,1,0,0,0,0
II1,Forge FC,Kwame Awuah,d,6.0,Kwame,Awuah,90,55,32,62.5,0,0.0,0,0,0,0,0,0,0,2,1,10,5,5,2,0,0,0,2,0,0,0,0
II1,Forge FC,Kyle Bekker,m,10.0,Kyle,Bekker,90,47,36,80.6,2,0.0,0,0,1,3,2,1,2,0,0,10,5,1,1,0,0,3,0,0,0,0,0
II1,Forge FC,Marcel Zajac,f,9.0,Marcel,Zajac,45,15,7,71.4,1,0.0,0,0,0,1,0,1,0,0,0,6,3,1,0,1,0,2,1,0,0,0,0
II1,Forge FC,Maxim Tissot,d,15.0,Maxim,Tissot,10,10,7,42.9,1,0.0,0,0,0,0,0,0,0,0,0,2,0,1,0,0,0,0,0,0,0,0,0
II1,Forge FC,Molham Babouli,f,19.0,Mo,Babouli,24,12,6,100.0,0,0.0,0,0,0,0,0,0,0,1,1,4,3,1,0,0,0,0,0,0,0,0,0
II1,Forge FC,Paolo Sabak,m,24.0,Paolo,Sabak,80,45,32,84.4,1,0.0,0,2,0,1,0,0,1,0,0,10,6,1,1,0,0,4,1,0,0,0,0
II1,Forge FC,Triston Henry,g,1.0,Triston,Henry,90,43,31,64.5,0,0.0,0,0,0,0,0,0,0,0,0,0,0,0,0,0,0,0,0,6,4,1,0
II1,Cavalry FC,Aribim Pepple,f,24.0,Aribim,Pepple,10,5,3,33.3,0,0.0,0,1,0,0,0,0,0,0,0,2,0,0,0,0,0,0,0,0,0,0,0
II1,Cavalry FC,Bruno Zebie,m,16.0,Bruno,Zebie,5,8,5,80.0,0,0.0,0,0,0,0,0,0,0,0,0,1,0,0,0,0,0,0,0,0,0,0,0
II1,Cavalry FC,Dominick Zator,d,4.0,Dominick,Zator,90,60,41,75.6,0,0.0,0,0,1,2,2,2,0,2,1,15,12,1,0,0,0,1,1,0,0,0,0
II1,Cavalry FC,Elijah Adekugbe,m,8.0,Elijah,Adekugbe,79,56,41,90.2,2,50.0,0,2,0,0,0,0,0,1,1,7,4,0,3,1,0,2,3,0,0,0,0
II1,Cavalry FC,Elliot Simmons,m,15.0,Elliot,Simmons,11,12,10,60.0,1,0.0,0,0,0,0,0,0,0,0,0,5,1,0,0,0,0,0,1,0,0,0,0
II1,Cavalry FC,Jonathan Wheeldon,d,14.0,Jay,Wheeldon,90,71,58,74.1,0,0.0,0,0,0,1,0,0,1,0,0,9,4,8,0,0,0,0,2,0,0,0,0
II1,Cavalry FC,Jordan Brown,f,9.0,Jordan,Brown,66,14,10,60.0,0,0.0,0,1,0,1,0,1,0,0,0,1,0,0,0,0,0,0,0,0,0,0,0
II1,Cavalry FC,Marco Carducci,g,1.0,Marco,Carducci,90,32,24,79.2,0,0.0,0,0,0,0,0,0,0,0,0,1,1,0,0,0,0,1,0,4,2,0,0
II1,Cavalry FC,Marcus Haber,f,29.0,Marcus,Haber,24,14,11,54.5,1,0.0,0,0,0,1,1,1,0,0,0,6,3,0,0,0,0,0,0,0,0,0,0
II1,Cavalry FC,Mason Trafford,d,5.0,Mason,Trafford,90,58,55,80.0,0,0.0,0,0,0,0,0,0,0,0,0,5,4,0,1,0,0,1,0,0,0,0,0
II1,Cavalry FC,Mohamed Farsi,d,21.0,Mohamed,Farsi,10,4,3,66.7,0,0.0,0,0,0,1,0,1,0,0,0,0,0,0,0,0,0,0,0,0,0,0,0
II1,Cavalry FC,Nathan Mavila,d,3.0,Nathan,Mavila,90,51,27,74.1,2,100.0,0,1,1,1,1,1,0,1,1,13,7,0,1,0,0,2,4,0,0,0,0
II1,Cavalry FC,Nico Pasquotti,f,17.0,Nico,Pasquotti,90,56,29,72.4,5,0.0,0,0,0,1,1,0,1,2,2,15,8,1,1,0,0,2,2,0,0,0,0
II1,Cavalry FC,Nikolas Ledgerwood,m,6.0,Nik,Ledgerwood,85,41,25,68.0,3,66.7,1,2,0,3,1,1,2,3,3,15,6,0,0,0,0,2,3,0,0,0,0
II1,Cavalry FC,Oliver Minatel,f,7.0,Oliver,Minatel,80,34,26,65.4,0,0.0,0,3,0,1,0,0,1,0,0,9,5,2,0,0,0,3,2,0,0,0,0
II1,Cavalry FC,Sergio Camargo,m,10.0,Sergio,Camargo,80,37,22,72.7,3,0.0,0,0,0,2,0,0,2,1,1,6,4,0,0,0,0,1,0,0,0,0,0
II2,York9 FC,Diyaeddine Abzi,d,20.0,Diyaeddine,Abzi,84,55,34,79.4,1,0.0,0,1,0,2,1,2,0,2,2,10,6,1,2,0,0,2,1,0,0,0,0
II2,York9 FC,Gabriel Monteiro Vasconcelos,f,99.0,Gabriel,Vasconcelos,54,13,8,75.0,0,0.0,0,0,0,0,0,0,0,0,0,1,0,0,0,0,0,0,0,0,0,0,0
II2,York9 FC,Ijah Halley,d,14.0,Ijah,Halley,6,13,5,60.0,0,0.0,0,1,0,0,0,0,0,0,0,5,2,0,0,0,0,2,1,0,0,0,0
II2,York9 FC,Joseph Di Chiara,m,8.0,Joseph,Di Chiara,90,58,41,78.0,4,50.0,0,2,1,3,1,1,2,2,2,14,7,0,0,1,0,4,4,0,0,0,0
II2,York9 FC,Kyle Porter,m,19.0,Kyle,Porter,90,57,34,97.1,9,33.3,0,2,0,0,0,0,0,1,1,5,3,0,1,0,0,1,0,0,0,0,0
II2,York9 FC,Lowell Wright,f,80.0,Lowell,Wright,36,11,5,60.0,0,0.0,0,0,1,2,1,2,0,0,0,3,0,0,0,0,0,0,0,0,0,0,0
II2,York9 FC,Luca Gasparotto,d,13.0,Luca,Gasparotto,90,59,46,82.6,0,0.0,0,0,0,1,0,1,0,1,0,11,10,3,3,0,0,2,0,0,0,0,0
II2,York9 FC,Matthew Arnone,d,17.0,Matthew,Arnone,53,29,23,78.3,0,0.0,0,0,0,0,0,0,0,1,1,3,2,1,2,0,0,1,1,0,0,0,0
II2,York9 FC,Max Ferrari,m,16.0,Max,Ferrari,36,20,14,71.4,4,50.0,0,1,0,1,0,1,0,0,0,2,2,0,0,0,0,0,0,0,0,0,0
II2,York9 FC,Morey Doner,d,3.0,Morey,Doner,90,67,35,77.1,8,25.0,0,1,0,0,0,0,0,0,0,4,3,0,5,0,0,1,0,0,0,0,0
II2,York9 FC,Nathan Ingham,g,29.0,Nathan,Ingham,90,23,21,85.7,0,0.0,0,0,0,0,0,0,0,0,0,0,0,0,0,0,0,0,0,2,0,0,0
II2,York9 FC,Roger Thompson,d,6.0,Roger,Thompson,90,75,64,85.9,1,0.0,0,2,0,1,0,1,0,2,2,7,5,2,3,0,0,1,2,0,0,0,0
II2,York9 FC,Ryan Telfer,m,18.0,Ryan,Telfer,90,52,21,71.4,8,37.5,0,2,0,6,3,2,4,4,3,15,9,0,2,0,0,2,0,0,0,0,0
II2,York9 FC,Wataru Murofushi,m,23.0,Wataru,Murofushi,37,27,23,100.0,0,0.0,0,0,0,0,0,0,0,0,0,2,0,0,1,0,0,0,1,0,0,0,0
II2,York9 FC,Álvaro Rivero Sánchez,f,7.0,Álvaro,Rivero,54,14,5,80.0,0,0.0,0,0,0,0,0,0,0,0,0,4,4,1,1,0,0,3,0,0,0,0,0
II2,Atlético Ottawa,Ajay Khabra,m,23.0,Ajay,Khabra,63,29,25,92.0,0,0.0,0,0,0,0,0,0,0,0,0,4,0,0,0,0,0,0,2,0,0,0,0
II2,Atlético Ottawa,Ben Fisk,m,10.0,Ben,Fisk,90,34,26,73.1,2,0.0,0,1,0,0,0,0,0,0,0,4,1,1,0,0,0,1,1,0,0,0,0
II2,Atlético Ottawa,Ben McKendry,m,22.0,Ben,McKendry,27,24,17,58.8,0,0.0,0,0,0,0,0,0,0,3,2,4,4,1,1,0,0,0,0,0,0,0,0
II2,Atlético Ottawa,Evan Brandon John,d,4.0,Brandon,John,90,42,38,84.2,0,0.0,0,0,0,0,0,0,0,1,0,2,2,2,0,0,0,0,0,0,0,0,0
II2,Atlético Ottawa,Francisco Javier Acuña Víctor,m,8.0,Francisco,Acuña,54,50,40,85.0,1,0.0,1,1,0,0,0,0,0,1,1,8,4,0,0,0,0,1,0,0,0,0,0
II2,Atlético Ottawa,Ignacio Zabal Almazán,g,1.0,Nacho,Zabal,90,54,43,60.5,0,0.0,0,0,0,0,0,0,0,0,0,1,1,2,0,0,0,1,0,6,4,0,0
II2,Atlético Ottawa,Jarred Phillips,d,14.0,Jarred,Phillips,36,12,6,50.0,0,0.0,0,0,0,0,0,0,0,1,1,4,1,1,0,0,0,0,1,0,0,0,0
II2,Atlético Ottawa,Maksym Kowal,f,21.0,Maksym,Kowal,34,17,10,60.0,0,0.0,0,0,0,0,0,0,0,0,0,8,3,0,2,0,0,1,1,0,0,0,0
II2,Atlético Ottawa,Malcolm Isaiah Shaw,f,19.0,Malcolm,Shaw,56,17,13,76.9,0,0.0,0,0,1,1,1,1,0,0,0,11,1,0,0,0,0,1,2,0,0,0,0
II2,Atlético Ottawa,Malyk Hamilton,m,2.0,Malyk,Hamilton,90,68,44,93.2,2,0.0,0,0,0,0,0,0,0,3,1,9,3,1,3,0,0,0,2,0,0,0,0
II2,Atlético Ottawa,Milovan Kapor,d,3.0,Milovan,Kapor,90,61,42,88.1,0,0.0,0,0,0,0,0,0,0,2,2,10,4,7,6,0,0,1,2,0,0,0,0
II2,Atlético Ottawa,Mohamed Kourouma,f,9.0,Mohamed,Kourouma,90,54,38,78.9,2,0.0,0,0,1,3,1,1,2,1,1,10,5,0,0,0,0,3,3,0,0,0,0
II2,Atlético Ottawa,Vashon Neufville,d,44.0,Vashon,Neufville,50,48,32,65.6,5,0.0,1,1,0,0,0,0,0,0,0,6,1,0,0,0,1,0,3,0,0,0,0
II2,Atlético Ottawa,Víctor Martínez Manrique,m,5.0,Viti,Martínez,90,38,29,72.4,1,0.0,0,0,0,0,0,0,0,0,0,5,3,0,4,0,0,1,2,0,0,0,0
II3,HFX Wanderers FC,Aboubacar Sissoko,m,17.0,Aboubacar,Sissoko,90,56,38,76.3,1,0.0,0,0,0,0,0,0,0,3,2,20,11,0,1,0,0,2,1,0,0,0,0
II3,HFX Wanderers FC,Akeem Garcia,f,11.0,Akeem,Garcia,34,11,9,77.8,0,0.0,0,0,0,1,1,1,0,0,0,2,1,0,0,0,0,1,0,0,0,0,0
II3,HFX Wanderers FC,Alessandro Riggi,f,10.0,Alessandro,Riggi,56,15,7,57.1,1,0.0,0,0,0,0,0,0,0,1,1,9,2,0,0,0,0,1,1,0,0,0,0
II3,HFX Wanderers FC,Alex De Carolis,d,24.0,Alex,De Carolis,81,36,15,66.7,5,60.0,0,2,0,0,0,0,0,1,1,5,5,0,1,0,0,1,0,0,0,0,0
II3,HFX Wanderers FC,Alex Marshall,m,7.0,Alex,Marshall,18,12,6,66.7,1,0.0,0,0,0,0,0,0,0,1,0,5,5,0,0,0,0,1,0,0,0,0,0
II3,HFX Wanderers FC,Andre Rampersad,m,18.0,Andre,Rampersad,90,44,27,77.8,0,0.0,0,1,0,0,0,0,0,1,0,9,5,2,3,0,0,3,0,0,0,0,0
II3,HFX Wanderers FC,Cory Bent,m,23.0,Cory,Bent,90,57,30,60.0,10,30.0,0,2,0,1,0,1,0,3,1,22,9,0,0,0,0,5,3,0,0,0,0
II3,HFX Wanderers FC,Ibrahima Sanoh,f,9.0,Ibrahima,Sanoh,9,6,2,50.0,1,0.0,0,0,1,1,1,1,0,0,0,2,1,0,0,0,0,0,0,0,0,0,0
II3,HFX Wanderers FC,Jake Ruby,d,20.0,Jake,Ruby,90,59,31,80.6,2,0.0,0,0,0,1,1,1,0,2,2,12,4,2,0,0,0,0,2,0,0,0,0
II3,HFX Wanderers FC,Jason Beaulieu,g,1.0,Jason,Beaulieu,90,32,23,73.9,0,0.0,0,0,0,0,0,0,0,0,0,1,1,1,0,0,0,0,1,4,2,0,0
II3,HFX Wanderers FC,Jems Geffrard,d,3.0,Jems,Geffrard,90,51,41,85.4,0,0.0,0,0,0,2,1,2,0,1,1,3,2,4,2,0,0,0,1,0,0,0,0
II3,HFX Wanderers FC,João Morelli Neto,f,22.0,João,Morelli,72,32,21,76.2,1,0.0,0,0,1,1,1,1,0,0,0,11,2,0,0,0,0,0,1,0,0,0,0
II3,HFX Wanderers FC,Louis Béland-Goyette,m,5.0,Louis,Béland-Goyette,81,50,31,83.9,1,0.0,0,1,0,1,0,0,1,3,2,16,7,0,3,1,0,0,5,0,0,0,0
II3,HFX Wanderers FC,Mateo Restrepo,d,14.0,Mateo,Restrepo,9,8,6,50.0,1,100.0,0,0,0,0,0,0,0,0,0,0,0,0,0,0,0,0,0,0,0,0,0
II3,HFX Wanderers FC,Peter Schaale,d,2.0,Peter,Schaale,90,54,38,65.8,0,0.0,0,0,0,1,0,1,0,3,2,6,4,5,2,0,0,0,0,0,0,0,0
II3,Pacific FC,Alejandro Díaz Liceága,f,9.0,Alejandro,Diaz,18,7,6,100.0,0,0.0,0,1,0,0,0,0,0,1,1,4,2,0,0,0,0,0,1,0,0,0,0
II3,Pacific FC,Alessandro Hojabrpour,m,21.0,Alessandro,Hojabrpour,64,28,24,79.2,0,0.0,0,0,0,0,0,0,0,2,2,7,4,1,0,0,0,1,2,0,0,0,0
II3,Pacific FC,Jamar Dixon,m,22.0,Jamar,Dixon,26,7,4,75.0,0,0.0,0,0,0,0,0,0,0,1,1,3,1,0,0,0,0,0,1,0,0,0,0
II3,Pacific FC,Jordan Haynes,d,3.0,Jordan,Haynes,90,82,56,80.4,2,50.0,0,1,0,0,0,0,0,4,2,13,7,1,3,1,0,0,2,0,0,0,0
II3,Pacific FC,Josh Heard,m,11.0,Josh,Heard,18,10,5,100.0,0,0.0,0,0,0,1,0,1,0,0,0,4,1,0,0,0,0,0,1,0,0,0,0
II3,Pacific FC,Kadin Chung,d,7.0,Kadin,Chung,90,80,47,85.1,2,0.0,0,2,0,0,0,0,0,3,2,17,13,3,1,0,0,4,0,0,0,0,0
II3,Pacific FC,Lukas MacNaughton,d,6.0,Lukas,MacNaughton,90,79,74,82.4,0,0.0,0,0,0,0,0,0,0,0,0,7,4,2,0,0,0,0,1,0,0,0,0
II3,Pacific FC,Marcel de Jong,d,17.0,Marcel,de Jong,7,7,1,0.0,2,0.0,0,0,0,2,1,0,2,0,0,2,0,1,0,0,0,0,0,0,0,0,0
II3,Pacific FC,Marco Bustos,m,10.0,Marco,Bustos,83,59,40,87.5,5,20.0,1,1,1,2,1,2,0,0,0,11,7,0,0,0,0,4,2,0,0,0,0
II3,Pacific FC,Matthew Baldisimo,m,8.0,Matthew,Baldisimo,90,76,59,72.9,0,0.0,0,1,0,1,1,0,1,6,5,16,8,0,2,1,0,1,2,0,0,0,0
II3,Pacific FC,Noah Verhoeven,m,19.0,Noah,Verhoeven,64,30,27,81.5,1,0.0,0,0,0,0,0,0,0,0,0,2,1,0,0,0,0,0,0,0,0,0,0
II3,Pacific FC,Nolan Wirth,g,1.0,Nolan,Wirth,90,47,36,66.7,0,0.0,0,0,0,0,0,0,0,0,0,2,0,0,0,0,0,0,1,4,2,0,0
II3,Pacific FC,Terran Campbell,f,14.0,Terran,Campbell,72,21,7,85.7,1,0.0,0,1,0,2,0,2,0,1,1,9,2,1,0,0,0,1,1,0,0,0,0
II3,Pacific FC,Thomas Meilleur-Giguère,d,26.0,Thomas,Meilleur-Giguère,90,69,59,93.2,0,0.0,0,0,0,1,0,1,0,0,0,3,1,4,2,0,0,0,0,0,0,0,0
II3,Pacific FC,Victor Blasco,m,23.0,Victor,Blasco,72,54,28,67.9,3,33.3,0,2,0,2,0,1,1,2,1,18,10,0,0,0,0,2,0,0,0,0,0
II3,Pacific FC,Zachary Verhoven,m,16.0,Zach,Verhoven,26,18,11,63.6,1,100.0,1,2,1,2,1,1,1,1,1,5,3,0,0,0,0,0,0,0,0,0,0
II4,Valour FC,Andrew Jean-Baptiste,d,35.0,Andrew,Jean-Baptiste,90,47,35,82.9,0,0.0,0,0,0,0,0,0,0,0,0,10,4,5,2,0,0,2,5,0,0,0,0
II4,Valour FC,Arnold Bouka Moutou,d,29.0,Arnold,Bouka Moutou,65,33,17,52.9,2,0.0,0,0,0,0,0,0,0,2,1,10,5,0,1,0,0,2,1,0,0,0,0
II4,Valour FC,Brett Levis,m,17.0,Brett,Levis,90,44,30,76.7,1,100.0,0,1,0,0,0,0,0,2,1,7,2,0,3,0,0,0,1,0,0,0,0
II4,Valour FC,Dante Campbell,m,48.0,Dante,Campbell,72,28,21,71.4,0,0.0,0,0,0,0,0,0,0,2,2,9,2,1,0,1,0,0,4,0,0,0,0
II4,Valour FC,Daryl Fordyce,f,16.0,Daryl,Fordyce,45,19,13,61.5,1,0.0,0,0,0,2,0,1,1,0,0,2,2,1,0,0,0,1,0,0,0,0,0
II4,Valour FC,Diego Gutiérrez,m,8.0,Diego,Gutiérrez,18,22,16,81.3,0,0.0,0,0,0,0,0,0,0,0,0,6,3,0,0,0,0,2,1,0,0,0,0
II4,Valour FC,Dylan Carreiro,m,10.0,Dylan,Carreiro,64,15,11,81.8,0,0.0,0,0,0,0,0,0,0,1,0,4,2,0,0,0,0,1,0,0,0,0,0
II4,Valour FC,Fraser Aird,m,33.0,Fraser,Aird,90,37,25,68.0,2,0.0,0,1,0,0,0,0,0,1,1,7,1,0,0,1,0,0,4,0,0,0,0
II4,Valour FC,James Pantemis,g,1.0,James,Pantemis,90,34,25,76.0,0,0.0,0,0,0,0,0,0,0,0,0,0,0,0,0,0,0,0,0,3,1,0,0
II4,Valour FC,Julian Dunn-Johnson,d,5.0,Julian,Dunn,90,59,45,80.0,0,0.0,0,0,0,0,0,0,0,1,0,9,6,4,0,0,0,1,0,0,0,0,0
II4,Valour FC,Mastanabal Kacher,f,7.0,Masta,Kacher,26,6,3,66.7,1,0.0,0,0,0,0,0,0,0,0,0,2,1,0,0,0,0,1,0,0,0,0,0
II4,Valour FC,Moses Dyer,m,6.0,Moses,Dyer,18,1,1,0.0,0,0.0,0,0,0,0,0,0,0,0,0,1,0,0,0,0,0,0,1,0,0,0,0
II4,Valour FC,Raphael Ohin,m,27.0,Raphael,Ohin,45,31,19,84.2,0,0.0,0,0,0,2,0,1,1,1,1,5,4,0,1,0,0,2,1,0,0,0,0
II4,Valour FC,Shaan Hundal,f,11.0,Shaan,Hundal,72,15,11,72.7,0,0.0,0,1,0,0,0,0,0,0,0,6,0,0,0,0,0,0,2,0,0,0,0
II4,Valour FC,Solomon Kojo Antwi,m,25.0,Solomon,Kojo Antwi,25,14,8,75.0,0,0.0,0,0,0,0,0,0,0,0,0,3,0,0,0,0,0,0,1,0,0,0,0
II4,Valour FC,Stefan Cebara,m,14.0,Stefan,Cebara,90,61,41,80.5,1,0.0,0,0,0,0,0,0,0,1,0,7,4,0,1,0,0,0,2,0,0,0,0
II4,Cavalry FC,Aribim Pepple,f,24.0,Aribim,Pepple,25,14,4,75.0,0,0.0,0,0,0,1,1,1,0,1,0,7,2,0,0,0,0,0,2,0,0,0,0
II4,Cavalry FC,Bruno Zebie,m,16.0,Bruno,Zebie,84,54,40,87.5,1,0.0,0,0,0,0,0,0,0,3,1,9,7,0,2,0,0,3,1,0,0,0,0
II4,Cavalry FC,Dean Northover,d,12.0,Dean,Northover,90,56,34,58.8,0,0.0,0,0,0,1,0,0,1,0,0,8,6,1,2,0,0,3,1,0,0,0,0
II4,Cavalry FC,Dominick Zator,d,4.0,Dominick,Zator,90,69,63,92.1,0,0.0,0,1,0,1,0,1,0,0,0,2,2,2,0,0,0,1,0,0,0,0,0
II4,Cavalry FC,Elijah Adekugbe,m,8.0,Elijah,Adekugbe,65,65,54,88.9,5,60.0,0,2,0,0,0,0,0,2,1,5,4,0,0,1,0,1,1,0,0,0,0
II4,Cavalry FC,Elliot Simmons,m,15.0,Elliot,Simmons,25,15,10,80.0,1,0.0,0,0,0,0,0,0,0,2,1,3,2,0,0,0,0,0,1,0,0,0,0
II4,Cavalry FC,Jordan Brown,f,9.0,Jordan,Brown,40,7,2,100.0,1,0.0,0,0,0,0,0,0,0,1,1,3,1,0,0,0,0,0,0,0,0,0,0
II4,Cavalry FC,Marco Carducci,g,1.0,Marco,Carducci,90,37,32,68.8,0,0.0,0,0,0,0,0,0,0,0,0,1,1,0,0,0,0,1,0,0,0,0,1
II4,Cavalry FC,Marcus Haber,f,29.0,Marcus,Haber,65,22,11,54.5,1,0.0,0,0,1,2,1,2,0,0,0,15,7,0,0,0,0,3,3,0,0,0,0
II4,Cavalry FC,Mason Trafford,d,5.0,Mason,Trafford,90,68,63,93.7,0,0.0,0,0,0,0,0,0,0,0,0,0,0,4,1,0,0,0,0,0,0,0,0
II4,Cavalry FC,Mohamed Farsi,d,21.0,Mohamed,Farsi,90,56,29,69.0,5,20.0,1,1,0,0,0,0,0,1,1,7,4,2,2,0,0,2,0,0,0,0,0
II4,Cavalry FC,Nico Pasquotti,f,17.0,Nico,Pasquotti,45,22,8,100.0,0,0.0,0,0,0,1,0,1,0,1,1,9,5,0,0,0,0,2,1,0,0,0,0
II4,Cavalry FC,Nikolas Ledgerwood,m,6.0,Nik,Ledgerwood,6,9,6,66.7,1,100.0,0,1,0,0,0,0,0,0,0,1,0,2,0,0,0,0,1,0,0,0,0
II4,Cavalry FC,Oliver Minatel,f,7.0,Oliver,Minatel,45,9,6,83.3,0,0.0,0,0,0,0,0,0,0,0,0,5,2,0,0,0,0,1,0,0,0,0,0
II4,Cavalry FC,Robert Boskovic,d,25.0,Robert,Boskovic,90,70,57,73.7,0,0.0,0,0,0,0,0,0,0,2,1,7,6,2,2,1,0,3,1,0,0,0,0
II4,Cavalry FC,Sergio Camargo,m,10.0,Sergio,Camargo,50,27,17,82.4,1,0.0,0,1,1,2,1,2,0,2,0,6,3,0,0,1,0,0,1,0,0,0,0
II5,Forge FC,Alexander Achinioti-Jönsson,m,13.0,Alexander,Achinioti-Jönsson,89,94,79,88.6,1,0.0,0,2,0,0,0,0,0,2,1,11,9,3,0,0,0,3,0,0,0,0,0
II5,Forge FC,Anthony Novak,f,23.0,Anthony,Novak,22,16,13,84.6,0,0.0,0,1,0,0,0,0,0,0,0,7,3,0,0,0,0,2,0,0,0,0,0
II5,Forge FC,Christopher Nanco,f,11.0,Chris,Nanco,45,25,19,78.9,1,0.0,0,0,0,1,0,0,1,0,0,3,0,0,0,0,0,0,0,0,0,0,0
II5,Forge FC,Daniel Krutzen,d,5.0,Daniel,Krutzen,90,91,86,89.5,0,0.0,0,0,0,0,0,0,0,1,1,10,6,0,1,0,0,0,0,0,0,0,0
II5,Forge FC,David Choinière,m,7.0,David,Choinière,68,40,23,87.0,3,33.3,0,1,0,0,0,0,0,3,3,15,7,1,0,0,0,2,1,0,0,0,0
II5,Forge FC,David Edgar,d,30.0,David,Edgar,90,102,91,95.6,0,0.0,0,0,0,0,0,0,0,1,0,5,3,7,0,0,0,0,1,0,0,0,0
II5,Forge FC,Dominic Samuel,d,4.0,Dominic,Samuel,90,73,53,83.0,2,50.0,0,0,0,0,0,0,0,1,0,9,6,0,2,1,0,2,1,0,0,0,0
II5,Forge FC,Elimane Cissé,m,3.0,Elimane,Cissé,11,16,11,81.8,0,0.0,0,0,0,0,0,0,0,0,0,1,1,0,1,0,0,1,0,0,0,0,0
II5,Forge FC,Kadell Thomas,f,17.0,Kadell,Thomas,22,11,5,100.0,2,0.0,0,0,0,0,0,0,0,1,0,6,2,0,0,0,0,0,2,0,0,0,0
II5,Forge FC,Klaidi Cela,d,16.0,Klaidi,Cela,1,0,0,0.0,0,0.0,0,0,0,0,0,0,0,0,0,0,0,0,0,0,0,0,0,0,0,0,0
II5,Forge FC,Kwame Awuah,d,6.0,Kwame,Awuah,90,86,65,87.7,2,0.0,0,0,1,1,1,0,1,3,1,8,7,1,0,0,0,1,0,0,0,0,0
II5,Forge FC,Kyle Bekker,m,10.0,Kyle,Bekker,90,51,38,89.5,7,0.0,0,0,0,2,0,0,2,0,0,4,0,1,0,0,0,0,1,0,0,0,0
II5,Forge FC,Maxim Tissot,d,15.0,Maxim,Tissot,45,28,18,83.3,4,25.0,0,1,0,1,1,1,0,2,1,4,2,0,0,0,0,0,0,0,0,0,0
II5,Forge FC,Molham Babouli,f,19.0,Mo,Babouli,68,22,14,42.9,0,0.0,0,0,0,1,1,1,0,1,1,6,1,0,1,0,0,0,1,0,0,0,0
II5,Forge FC,Paolo Sabak,m,24.0,Paolo,Sabak,79,59,47,87.2,1,0.0,0,0,0,1,0,1,0,0,0,12,5,1,1,0,0,2,2,0,0,0,0
II5,Forge FC,Triston Henry,g,1.0,Triston,Henry,90,43,33,90.9,0,0.0,0,0,0,0,0,0,0,0,0,1,1,1,0,0,0,0,0,2,2,1,1
II5,FC Edmonton,Allan Zebie,d,4.0,Allan,Zebie,87,38,28,92.9,0,0.0,0,0,0,1,0,1,0,1,1,6,4,0,0,0,0,0,0,0,0,0,0
II5,FC Edmonton,Amer Didic,d,55.0,Amer,Didic,61,37,31,96.8,0,0.0,0,0,0,2,0,1,1,0,0,3,2,2,0,0,0,0,1,0,0,0,0
II5,FC Edmonton,Antony Caceres,m,20.0,Anthony,Caceres,13,9,6,83.3,0,0.0,0,0,0,0,0,0,0,1,1,3,3,0,0,0,0,2,0,0,0,0,0
II5,FC Edmonton,Chance Carter,m,14.0,Chance,Carter,3,1,1,100.0,0,0.0,0,0,0,0,0,0,0,0,0,0,0,0,0,0,0,0,0,0,0,0,0
II5,FC Edmonton,Connor James,g,1.0,Connor,James,90,29,24,79.2,0,0.0,0,0,0,0,0,0,0,0,0,0,0,1,0,0,0,0,0,4,2,0,0
II5,FC Edmonton,Easton Ongaro,f,19.0,Easton,Ongaro,61,12,5,100.0,0,0.0,0,0,0,1,0,0,1,0,0,9,2,0,0,0,0,0,0,0,0,0,0
II5,FC Edmonton,Erik Zetterberg,m,21.0,Erik,Zetterberg,90,60,45,84.4,1,100.0,0,3,0,1,0,0,1,1,1,9,4,0,2,0,0,0,2,0,0,0,0
II5,FC Edmonton,Hanson Boakai,m,10.0,Hanson,Boakai,77,46,27,92.6,4,25.0,0,0,0,1,1,1,0,3,3,13,5,0,0,0,0,0,1,0,0,0,0
II5,FC Edmonton,Jeannot Esua,d,3.0,Jeannot,Esua,90,67,44,77.3,3,0.0,0,1,0,0,0,0,0,0,0,7,3,6,2,0,0,2,1,0,0,0,0
II5,FC Edmonton,Kareem Moses,d,12.0,Kareem,Moses,29,22,14,85.7,0,0.0,0,0,0,1,0,1,0,2,1,6,2,3,0,0,0,0,3,0,0,0,0
II5,FC Edmonton,Keven Steven Alemán Bustos,m,11.0,Keven,Alemán,90,45,23,69.6,4,0.0,0,2,0,4,0,2,2,1,0,12,7,0,0,0,0,2,0,0,0,0,0
II5,FC Edmonton,Mélé Temguia,d,8.0,Mélé,Temguia,90,58,45,80.0,0,0.0,0,0,0,2,1,2,0,3,2,10,5,1,3,0,0,0,2,0,0,0,0
II5,FC Edmonton,Ramon Soria,d,5.0,Ramon,Soria,90,52,41,85.4,2,0.0,0,1,0,0,0,0,0,2,1,8,5,5,1,0,0,0,1,0,0,0,0
II5,FC Edmonton,Terique Mohammed,d,57.0,Terique,Mohammed,29,10,3,66.7,0,0.0,0,0,0,0,0,0,0,1,0,5,3,1,0,0,0,1,1,0,0,0,0
II5,FC Edmonton,Tomi Ameobi,f,18.0,Tomi,Ameobi,29,9,8,75.0,0,0.0,0,1,0,0,0,0,0,0,0,5,3,0,0,0,0,1,0,0,0,0,0
II5,FC Edmonton,Yong-Chan Son,m,7.0,Yong-Chan,Son,61,27,12,83.3,1,0.0,0,1,0,0,0,0,0,0,0,6,1,1,0,0,0,1,1,0,0,0,0
II6,Pacific FC,Alejandro Díaz Liceága,f,9.0,Alejandro,Diaz,22,7,6,100.0,0,0.0,0,0,0,0,0,0,0,0,0,1,0,0,0,0,0,0,0,0,0,0,0
II6,Pacific FC,Alessandro Hojabrpour,m,21.0,Alessandro,Hojabrpour,90,31,22,90.9,0,0.0,0,1,0,2,0,1,1,2,1,6,3,0,0,0,0,0,2,0,0,0,0
II6,Pacific FC,Jamar Dixon,m,22.0,Jamar,Dixon,72,29,20,80.0,0,0.0,0,1,0,0,0,0,0,2,1,6,3,2,0,0,0,1,2,0,0,0,0
II6,Pacific FC,Jordan Haynes,d,3.0,Jordan,Haynes,19,26,18,88.9,1,0.0,0,0,0,0,0,0,0,1,0,1,1,1,1,0,0,0,0,0,0,0,0
II6,Pacific FC,Kadin Chung,d,7.0,Kadin,Chung,90,69,37,75.7,6,0.0,0,0,0,0,0,0,0,3,2,10,7,1,0,0,0,1,1,0,0,0,0
II6,Pacific FC,Lukas MacNaughton,d,6.0,Lukas,MacNaughton,90,57,41,82.9,1,0.0,0,1,1,4,1,4,0,1,0,8,4,3,1,0,0,0,1,0,0,0,0
II6,Pacific FC,Marcel de Jong,d,17.0,Marcel,de Jong,71,60,36,80.6,9,22.2,0,2,0,0,0,0,0,0,0,2,0,2,2,0,0,0,0,0,0,0,0
II6,Pacific FC,Marco Bustos,m,10.0,Marco,Bustos,90,42,23,87.0,4,50.0,0,1,0,2,1,2,0,0,0,7,5,0,0,1,0,3,1,0,0,0,0
II6,Pacific FC,Matthew Baldisimo,m,8.0,Matthew,Baldisimo,80,31,27,74.1,0,0.0,0,0,0,0,0,0,0,4,3,9,4,0,0,0,0,0,3,0,0,0,0
II6,Pacific FC,Nolan Wirth,g,1.0,Nolan,Wirth,90,34,26,84.6,0,0.0,0,0,0,0,0,0,0,0,0,0,0,1,0,0,0,0,0,2,1,0,0
II6,Pacific FC,Sean Young,m,20.0,Sean,Young,10,8,3,66.7,0,0.0,0,0,0,2,1,2,0,1,0,3,3,0,0,0,0,1,0,0,0,0,0
II6,Pacific FC,Terran Campbell,f,14.0,Terran,Campbell,68,23,13,69.2,2,0.0,0,0,0,1,0,0,1,4,3,8,4,0,0,0,0,0,2,0,0,0,0
II6,Pacific FC,Thomas Meilleur-Giguère,d,26.0,Thomas,Meilleur-Giguère,90,48,40,95.0,0,0.0,0,0,0,1,1,1,0,0,0,3,1,1,3,0,0,0,0,0,0,0,0
II6,Pacific FC,Victor Blasco,m,23.0,Victor,Blasco,90,61,37,78.4,9,44.4,1,3,0,1,0,1,0,1,1,11,5,1,1,1,0,2,4,0,0,0,0
II6,Pacific FC,Zachary Verhoven,m,16.0,Zach,Verhoven,18,19,6,83.3,3,0.0,0,0,0,0,0,0,0,0,0,6,4,0,0,0,0,1,0,0,0,0,0
II6,York9 FC,Diyaeddine Abzi,d,20.0,Diyaeddine,Abzi,90,63,27,70.4,1,0.0,0,0,0,0,0,0,0,3,1,10,6,5,4,0,0,2,1,0,0,0,0
II6,York9 FC,Isaiah Johnston,m,44.0,Isaiah,Johnston,9,3,1,0.0,0,0.0,0,0,0,0,0,0,0,1,1,1,1,0,0,0,0,0,0,0,0,0,0
II6,York9 FC,Joseph Di Chiara,m,8.0,Joseph,Di Chiara,90,46,26,84.6,1,0.0,0,0,0,2,1,0,2,1,1,13,4,2,4,1,0,1,2,0,0,0,0
II6,York9 FC,Kyle Porter,m,19.0,Kyle,Porter,61,21,12,66.7,1,0.0,0,1,0,1,0,1,0,0,0,3,1,2,1,0,0,0,0,0,0,0,0
II6,York9 FC,Lowell Wright,f,80.0,Lowell,Wright,55,11,5,80.0,0,0.0,0,0,0,1,0,1,0,1,1,5,2,1,0,0,0,0,0,0,0,0,0
II6,York9 FC,Luca Gasparotto,d,13.0,Luca,Gasparotto,90,73,57,82.5,0,0.0,0,0,0,1,0,1,0,1,1,3,2,9,3,0,0,0,1,0,0,0,0
II6,York9 FC,Manuel Aparicio,m,10.0,Manny,Aparicio,81,42,27,66.7,2,0.0,0,1,0,1,0,1,0,0,0,8,3,0,0,0,0,3,3,0,0,0,0
II6,York9 FC,Matthew Arnone,d,17.0,Matthew,Arnone,9,2,1,100.0,0,0.0,0,0,0,0,0,0,0,0,0,0,0,0,0,0,0,0,0,0,0,0,0
II6,York9 FC,Max Ferrari,m,16.0,Max,Ferrari,10,7,4,75.0,0,0.0,0,0,0,0,0,0,0,1,0,4,1,0,0,0,0,0,0,0,0,0,0
II6,York9 FC,Michael Petrasso,m,21.0,Michael,Petrasso,29,11,3,33.3,1,0.0,0,0,0,1,0,0,1,0,0,3,1,1,0,0,0,1,1,0,0,0,0
II6,York9 FC,Morey Doner,d,3.0,Morey,Doner,90,49,25,80.0,2,0.0,0,0,0,0,0,0,0,0,0,4,2,2,2,0,0,1,1,0,0,0,0
II6,York9 FC,Nathan Ingham,g,29.0,Nathan,Ingham,90,30,24,70.8,0,0.0,0,0,0,0,0,0,0,0,0,2,1,2,0,0,0,0,0,5,4,0,0
II6,York9 FC,Roger Thompson,d,6.0,Roger,Thompson,90,84,65,81.5,0,0.0,0,0,0,1,0,1,0,1,0,7,4,8,3,0,0,1,1,0,0,0,0
II6,York9 FC,Ryan Telfer,m,18.0,Ryan,Telfer,80,22,11,72.7,2,50.0,0,2,0,0,0,0,0,0,0,6,2,0,2,0,0,0,0,0,0,0,0
II6,York9 FC,Wataru Murofushi,m,23.0,Wataru,Murofushi,81,53,45,93.3,0,0.0,0,0,0,0,0,0,0,0,0,7,6,1,0,0,0,6,0,0,0,0,0
II6,York9 FC,Álvaro Rivero Sánchez,f,7.0,Álvaro,Rivero,35,13,5,100.0,0,0.0,0,1,1,1,1,1,0,0,0,5,1,0,0,0,0,1,0,0,0,0,0
II7,Atlético Ottawa,Ajay Khabra,m,23.0,Ajay,Khabra,27,9,6,83.3,0,0.0,0,0,0,1,0,1,0,0,0,3,0,1,0,0,0,0,1,0,0,0,0
II7,Atlético Ottawa,Antoine Coupland,m,11.0,Antoine,Coupland,45,10,6,100.0,0,0.0,0,0,0,0,0,0,0,0,0,4,2,0,0,0,0,1,0,0,0,0,0
II7,Atlético Ottawa,Ben Fisk,m,10.0,Ben,Fisk,63,34,19,84.2,2,0.0,0,1,0,1,0,0,1,2,1,8,2,0,0,0,0,0,0,0,0,0,0
II7,Atlético Ottawa,Ben McKendry,m,22.0,Ben,McKendry,90,52,37,73.0,0,0.0,0,1,0,0,0,0,0,6,5,8,6,1,2,0,0,0,1,0,0,0,0
II7,Atlético Ottawa,Evan Brandon John,d,4.0,Brandon,John,90,46,39,89.7,0,0.0,0,1,0,0,0,0,0,1,1,6,4,1,0,0,0,3,2,0,0,0,0
II7,Atlético Ottawa,Francisco Javier Acuña Víctor,m,8.0,Francisco,Acuña,45,13,8,62.5,0,0.0,0,0,0,0,0,0,0,1,1,6,1,0,0,0,0,0,2,0,0,0,0
II7,Atlético Ottawa,Gianfranco Facchineri,d,6.0,Gianfranco,Facchineri,90,48,24,87.5,0,0.0,0,0,0,1,0,1,0,8,7,14,9,3,1,0,0,1,2,0,0,0,0
II7,Atlético Ottawa,Ignacio Zabal Almazán,g,1.0,Nacho,Zabal,90,45,32,75.0,0,0.0,0,0,0,0,0,0,0,0,0,0,0,0,0,0,0,0,0,11,7,0,0
II7,Atlético Ottawa,Malcolm Isaiah Shaw,f,19.0,Malcolm,Shaw,90,36,19,94.7,1,100.0,0,1,0,2,1,2,0,1,1,6,3,1,0,0,0,1,1,0,0,0,0
II7,Atlético Ottawa,Malyk Hamilton,m,2.0,Malyk,Hamilton,90,62,32,84.4,8,12.5,0,1,0,0,0,0,0,1,1,5,2,2,1,0,0,0,2,0,0,0,0
II7,Atlético Ottawa,Milovan Kapor,d,3.0,Milovan,Kapor,64,31,21,76.2,0,0.0,0,0,0,0,0,0,0,1,1,6,3,5,2,0,1,1,2,0,0,0,0
II7,Atlético Ottawa,Mohamed Kourouma,f,9.0,Mohamed,Kourouma,90,47,36,86.1,2,50.0,0,1,0,4,2,2,2,2,2,10,2,0,0,0,0,0,2,0,0,0,0
II7,Atlético Ottawa,Víctor Martínez Manrique,m,5.0,Viti,Martínez,90,46,34,79.4,0,0.0,0,0,0,1,0,0,1,0,0,8,4,1,0,1,0,2,0,0,0,0,0
II7,Valour FC,Andrew Jean-Baptiste,d,35.0,Andrew,Jean-Baptiste,90,57,48,89.6,0,0.0,0,0,1,1,1,1,0,0,0,2,1,3,2,0,0,1,1,0,0,0,0
II7,Valour FC,Austin Ricci,f,9.0,Austin,Ricci,78,22,9,77.8,0,0.0,0,0,0,4,3,4,0,0,0,7,2,0,0,1,0,2,2,0,0,0,0
II7,Valour FC,Brett Levis,m,17.0,Brett,Levis,90,75,47,89.4,2,50.0,1,1,0,1,1,1,0,1,1,13,8,1,2,0,0,2,1,0,0,0,0
II7,Valour FC,Diego Gutiérrez,m,8.0,Diego,Gutiérrez,90,68,56,83.9,3,100.0,0,2,0,1,0,0,1,2,1,6,4,1,2,0,0,1,0,0,0,0,0
II7,Valour FC,Dylan Carreiro,m,10.0,Dylan,Carreiro,23,15,9,100.0,1,100.0,0,1,1,4,2,1,3,0,0,1,0,0,0,0,0,0,0,0,0,0,0
II7,Valour FC,Federico Peña,f,77.0,Federico,Peña,24,20,12,91.7,1,0.0,0,0,0,0,0,0,0,1,1,3,1,0,0,0,0,0,0,0,0,0,0
II7,Valour FC,Fraser Aird,m,33.0,Fraser,Aird,67,61,40,80.0,5,20.0,0,3,1,3,2,1,2,0,0,6,2,1,0,1,0,2,1,0,0,0,0
II7,Valour FC,James Pantemis,g,1.0,James,Pantemis,90,33,24,95.8,0,0.0,0,0,0,0,0,0,0,0,0,0,0,0,0,0,0,0,0,3,3,0,1
II7,Valour FC,José Antonio Galán Pedrosa,m,21.0,José,Galán,23,26,23,91.3,0,0.0,0,1,1,1,1,1,0,1,1,3,1,0,0,0,0,0,2,0,0,0,0
II7,Valour FC,Julian Dunn-Johnson,d,5.0,Julian,Dunn,90,54,49,91.8,0,0.0,0,0,0,0,0,0,0,3,1,4,3,0,0,0,0,0,0,0,0,0,0
II7,Valour FC,Mastanabal Kacher,f,7.0,Masta,Kacher,86,42,24,75.0,4,25.0,0,2,0,2,0,2,0,0,0,8,4,0,0,1,0,2,1,0,0,0,0
II7,Valour FC,Moses Dyer,m,6.0,Moses,Dyer,67,33,15,93.3,0,0.0,0,0,0,3,0,3,0,1,1,12,7,0,1,0,0,2,1,0,0,0,0
II7,Valour FC,Raphael Ohin,m,27.0,Raphael,Ohin,90,57,52,92.3,0,0.0,0,0,0,0,0,0,0,2,1,5,4,0,1,0,0,1,0,0,0,0,0
II7,Valour FC,Shaan Hundal,f,11.0,Shaan,Hundal,12,9,4,100.0,1,0.0,2,2,0,1,1,1,0,0,0,2,2,0,0,0,0,0,0,0,0,0,0
II7,Valour FC,Solomon Kojo Antwi,m,25.0,Solomon,Kojo Antwi,4,8,1,100.0,0,0.0,0,0,0,0,0,0,0,3,2,5,3,0,1,0,0,0,0,0,0,0,0
II7,Valour FC,Stefan Cebara,m,14.0,Stefan,Cebara,66,61,44,95.5,0,0.0,0,1,0,0,0,0,0,1,1,7,4,2,1,0,0,2,0,0,0,0,0
II8,HFX Wanderers FC,Aboubacar Sissoko,m,17.0,Aboubacar,Sissoko,80,63,50,88.0,0,0.0,0,0,0,1,0,0,1,3,3,12,5,0,0,0,0,0,2,0,0,0,0
II8,HFX Wanderers FC,Akeem Garcia,f,11.0,Akeem,Garcia,86,21,11,81.8,0,0.0,0,1,1,1,1,1,0,2,0,8,5,0,0,0,0,3,3,0,0,0,0
II8,HFX Wanderers FC,Alex Marshall,m,7.0,Alex,Marshall,45,21,12,100.0,1,0.0,1,1,0,2,0,0,2,0,0,6,2,0,0,0,0,0,3,0,0,0,0
II8,HFX Wanderers FC,Andre Rampersad,m,18.0,Andre,Rampersad,90,57,42,85.7,0,0.0,0,1,0,0,0,0,0,0,0,13,10,1,2,0,0,4,1,0,0,0,0
II8,HFX Wanderers FC,Chrisnovic N'Sa,d,6.0,Chris,N'sa,90,67,36,66.7,1,0.0,0,0,0,1,0,1,0,5,5,10,8,3,3,0,0,1,0,0,0,0,0
II8,HFX Wanderers FC,Cory Bent,m,23.0,Cory,Bent,86,32,20,50.0,1,0.0,0,2,0,1,0,0,1,2,1,11,6,0,1,0,0,3,1,0,0,0,0
II8,HFX Wanderers FC,Daniel Kinumbe,d,13.0,Daniel,Kinumbe,45,18,8,62.5,0,0.0,0,0,0,0,0,0,0,1,1,6,4,0,1,0,0,3,0,0,0,0,0
II8,HFX Wanderers FC,Ibrahima Sanoh,f,9.0,Ibrahima,Sanoh,18,8,4,75.0,0,0.0,0,0,0,1,0,0,1,0,0,3,1,0,0,0,0,0,0,0,0,0,0
II8,HFX Wanderers FC,Jake Ruby,d,20.0,Jake,Ruby,4,7,4,25.0,0,0.0,0,0,0,0,0,0,0,1,1,2,2,1,0,0,0,0,0,0,0,0,0
II8,HFX Wanderers FC,Jason Beaulieu,g,1.0,Jason,Beaulieu,90,33,23,69.6,0,0.0,0,0,0,0,0,0,0,0,0,2,1,0,0,1,0,1,1,5,4,0,0
II8,HFX Wanderers FC,Jems Geffrard,d,3.0,Jems,Geffrard,90,38,31,80.6,0,0.0,0,0,0,0,0,0,0,1,1,2,2,3,1,0,0,0,0,0,0,0,0
II8,HFX Wanderers FC,João Morelli Neto,f,22.0,João,Morelli,4,4,3,33.3,0,0.0,0,0,0,0,0,0,0,0,0,1,1,0,0,0,0,1,0,0,0,0,0
II8,HFX Wanderers FC,Louis Béland-Goyette,m,5.0,Louis,Béland-Goyette,72,54,46,76.1,1,0.0,0,1,0,0,0,0,0,2,1,9,4,1,1,1,0,1,3,0,0,0,0
II8,HFX Wanderers FC,Mateo Restrepo,d,14.0,Mateo,Restrepo,90,62,36,66.7,1,0.0,0,0,0,0,0,0,0,7,5,12,8,4,4,0,0,0,2,0,0,0,0
II8,HFX Wanderers FC,Omar Kreim,m,8.0,Omar,Kreim,10,6,1,0.0,0,0.0,0,0,0,0,0,0,0,2,2,5,2,0,0,0,0,0,0,0,0,0,0
II8,HFX Wanderers FC,Peter Schaale,d,2.0,Peter,Schaale,90,61,48,70.8,0,0.0,0,0,0,0,0,0,0,2,2,5,2,5,2,1,0,0,1,0,0,0,0
II8,Forge FC,Alexander Achinioti-Jönsson,m,13.0,Alexander,Achinioti-Jönsson,90,58,47,93.6,0,0.0,0,0,0,1,1,1,0,0,0,6,2,0,6,0,0,1,3,0,0,0,0
II8,Forge FC,Anthony Novak,f,23.0,Anthony,Novak,64,26,18,94.4,0,0.0,0,0,0,0,0,0,0,0,0,4,0,0,0,0,0,0,0,0,0,0,0
II8,Forge FC,Daniel Krutzen,d,5.0,Daniel,Krutzen,90,102,88,86.4,0,0.0,0,0,0,1,0,1,0,1,0,9,6,4,2,0,0,3,3,0,0,0,0
II8,Forge FC,David Choinière,m,7.0,David,Choinière,27,24,13,92.3,1,0.0,0,0,0,0,0,0,0,0,0,6,1,0,0,0,0,1,1,0,0,0,0
II8,Forge FC,David Edgar,d,30.0,David,Edgar,90,76,68,79.4,0,0.0,0,1,0,0,0,0,0,0,0,2,2,3,2,0,0,0,0,0,0,0,0
II8,Forge FC,Dominic Samuel,d,4.0,Dominic,Samuel,88,62,33,75.8,2,0.0,0,0,0,1,0,0,1,1,0,8,4,2,1,0,0,1,1,0,0,0,0
II8,Forge FC,Elimane Cissé,m,3.0,Elimane,Cissé,26,21,12,83.3,1,0.0,0,0,0,1,1,1,0,0,0,4,3,1,0,0,0,1,0,0,0,0,0
II8,Forge FC,Kadell Thomas,f,17.0,Kadell,Thomas,63,31,13,69.2,1,0.0,0,0,0,1,1,1,0,2,1,17,5,0,1,0,0,1,2,0,0,0,0
II8,Forge FC,Klaidi Cela,d,16.0,Klaidi,Cela,1,2,1,0.0,0,0.0,0,0,0,0,0,0,0,0,0,2,0,0,0,1,0,0,1,0,0,0,0
II8,Forge FC,Kwame Awuah,d,6.0,Kwame,Awuah,90,64,42,76.2,2,0.0,0,1,0,0,0,0,0,1,0,7,4,1,2,0,0,3,1,0,0,0,0
II8,Forge FC,Kyle Bekker,m,10.0,Kyle,Bekker,90,68,55,83.6,3,33.3,0,1,0,0,0,0,0,2,0,10,4,0,1,0,0,2,2,0,0,0,0
II8,Forge FC,Marcel Zajac,f,9.0,Marcel,Zajac,64,43,24,91.7,1,0.0,0,0,0,2,1,1,1,3,2,13,6,0,3,1,0,1,1,0,0,0,0
II8,Forge FC,Maxim Tissot,d,15.0,Maxim,Tissot,13,12,6,83.3,1,0.0,0,0,0,1,0,0,1,0,0,6,0,0,0,0,0,0,1,0,0,0,0
II8,Forge FC,Molham Babouli,f,19.0,Mo,Babouli,26,15,11,72.7,0,0.0,0,1,0,0,0,0,0,0,0,4,3,0,0,0,0,1,1,0,0,0,0
II8,Forge FC,Paolo Sabak,m,24.0,Paolo,Sabak,77,57,41,82.9,2,0.0,0,0,1,2,1,2,0,1,0,9,4,0,1,0,0,2,0,0,0,0,0
II8,Forge FC,Triston Henry,g,1.0,Triston,Henry,90,32,29,96.6,0,0.0,0,0,0,0,0,0,0,0,0,0,0,0,0,0,0,0,0,1,0,0,0
II9,FC Edmonton,Allan Zebie,d,4.0,Allan,Zebie,63,26,19,73.7,0,0.0,0,0,0,0,0,0,0,0,0,4,3,0,2,0,0,1,0,0,0,0,0
II9,FC Edmonton,Antony Caceres,m,20.0,Anthony,Caceres,12,7,2,50.0,0,0.0,0,0,0,0,0,0,0,1,1,3,2,1,0,0,0,0,0,0,0,0,0
II9,FC Edmonton,Chance Carter,m,14.0,Chance,Carter,27,9,6,83.3,0,0.0,0,0,0,0,0,0,0,1,0,2,1,0,0,0,0,0,1,0,0,0,0
II9,FC Edmonton,Connor James,g,1.0,Connor,James,90,29,20,60.0,0,0.0,0,0,0,0,0,0,0,0,0,1,1,2,0,0,0,1,0,5,3,0,0
II9,FC Edmonton,David Doe,f,26.0,David,Doe,27,7,3,33.3,0,0.0,0,0,0,0,0,0,0,0,0,2,1,0,0,0,0,1,0,0,0,0,0
II9,FC Edmonton,Easton Ongaro,f,19.0,Easton,Ongaro,45,28,17,70.6,2,0.0,0,0,0,2,0,1,1,0,0,13,6,0,0,0,0,1,1,0,0,0,0
II9,FC Edmonton,Erik Zetterberg,m,21.0,Erik,Zetterberg,90,39,26,76.9,3,33.3,0,1,0,1,0,0,1,0,0,5,2,0,3,0,0,2,1,0,0,0,0
II9,FC Edmonton,Hanson Boakai,m,10.0,Hanson,Boakai,45,16,7,100.0,1,0.0,0,0,0,0,0,0,0,1,0,5,2,0,0,0,0,1,1,0,0,0,0
II9,FC Edmonton,Jeannot Esua,d,3.0,Jeannot,Esua,90,55,27,66.7,0,0.0,0,0,0,0,0,0,0,1,1,11,5,4,2,0,0,1,2,0,0,0,0
II9,FC Edmonton,Kareem Moses,d,12.0,Kareem,Moses,90,33,18,72.2,0,0.0,0,0,0,1,0,1,0,1,0,5,3,7,1,0,0,1,0,0,0,0,0
II9,FC Edmonton,Keven Steven Alemán Bustos,m,11.0,Keven,Alemán,78,36,19,63.2,1,100.0,0,1,0,1,0,1,0,2,2,12,7,0,0,0,0,2,2,0,0,0,0
II9,FC Edmonton,Mélé Temguia,d,8.0,Mélé,Temguia,90,41,21,66.7,1,0.0,0,0,0,0,0,0,0,2,2,9,7,6,2,0,0,3,2,0,0,0,0
II9,FC Edmonton,Ramon Soria,d,5.0,Ramon,Soria,90,36,28,82.1,0,0.0,0,0,0,0,0,0,0,0,0,7,4,3,1,0,0,0,1,0,0,0,0
II9,FC Edmonton,Terique Mohammed,d,57.0,Terique,Mohammed,49,37,12,50.0,0,0.0,0,0,0,0,0,0,0,2,1,7,4,5,0,0,1,1,3,0,0,0,0
II9,FC Edmonton,Tomi Ameobi,f,18.0,Tomi,Ameobi,63,18,10,60.0,0,0.0,0,0,0,0,0,0,0,0,0,12,4,0,0,1,0,0,3,0,0,0,0
II9,Cavalry FC,Bruno Zebie,m,16.0,Bruno,Zebie,1,1,0,0.0,0,0.0,0,0,0,0,0,0,0,0,0,0,0,0,0,0,0,0,0,0,0,0,0
II9,Cavalry FC,Dominick Zator,d,4.0,Dominick,Zator,90,108,96,87.5,2,50.0,0,1,0,1,0,1,0,0,0,12,5,1,0,0,0,1,2,0,0,0,0
II9,Cavalry FC,Elijah Adekugbe,m,8.0,Elijah,Adekugbe,26,27,21,90.5,0,0.0,0,1,0,1,1,0,1,3,3,3,3,0,0,0,0,0,0,0,0,0,0
II9,Cavalry FC,Elliot Simmons,m,15.0,Elliot,Simmons,90,88,83,90.4,0,0.0,0,1,0,0,0,0,0,1,0,5,1,0,0,0,0,0,0,0,0,0,0
II9,Cavalry FC,Jordan Brown,f,9.0,Jordan,Brown,90,27,16,93.8,1,0.0,0,0,2,3,2,2,1,0,0,6,1,0,0,0,0,1,2,0,0,0,0
II9,Cavalry FC,Marco Carducci,g,1.0,Marco,Carducci,90,26,24,70.8,0,0.0,0,0,0,0,0,0,0,0,0,0,0,0,0,0,0,0,0,0,0,0,1
II9,Cavalry FC,Marcus Haber,f,29.0,Marcus,Haber,26,14,7,57.1,0,0.0,0,0,0,3,1,3,0,0,0,8,2,1,0,0,0,1,3,0,0,0,0
II9,Cavalry FC,Mason Trafford,d,5.0,Mason,Trafford,90,85,72,90.3,0,0.0,0,1,0,1,0,1,0,2,1,10,8,2,1,0,0,4,1,0,0,0,0
II9,Cavalry FC,Mohamed Farsi,d,21.0,Mohamed,Farsi,64,62,41,87.8,3,66.7,0,1,0,0,0,0,0,2,2,8,6,3,1,0,0,3,1,0,0,0,0
II9,Cavalry FC,Nathan Mavila,d,3.0,Nathan,Mavila,90,88,55,72.7,3,0.0,0,1,0,0,0,0,0,0,0,11,4,1,0,0,0,2,1,0,0,0,0
II9,Cavalry FC,Nico Pasquotti,f,17.0,Nico,Pasquotti,90,53,29,86.2,3,0.0,0,0,0,3,1,2,1,1,1,13,7,0,1,0,0,2,0,0,0,0,0
II9,Cavalry FC,Nikolas Ledgerwood,m,6.0,Nik,Ledgerwood,89,64,52,86.5,9,55.6,0,4,0,0,0,0,0,2,0,6,3,0,0,0,0,1,3,0,0,0,0
II9,Cavalry FC,Oliver Minatel,f,7.0,Oliver,Minatel,64,26,18,83.3,1,0.0,1,1,0,1,0,1,0,0,0,7,2,0,0,0,0,1,2,0,0,0,0
II9,Cavalry FC,Robert Boskovic,d,25.0,Robert,Boskovic,90,91,78,87.2,0,0.0,0,0,0,0,0,0,0,3,0,9,4,0,3,0,0,0,1,0,0,0,0
II10,York9 FC,Diyaeddine Abzi,d,20.0,Diyaeddine,Abzi,85,61,25,52.0,8,37.5,0,1,0,0,0,0,0,1,1,5,1,0,1,0,0,0,0,0,0,0,0
II10,York9 FC,Fugo Segawa,d,26.0,Fugo,Segawa,5,4,1,100.0,1,0.0,0,0,0,0,0,0,0,0,0,2,1,1,0,0,0,1,1,0,0,0,0
II10,York9 FC,Jace Kotsopoulos,f,12.0,Jace,Kotsopoulos,28,11,7,57.1,0,0.0,0,0,0,0,0,0,0,2,2,4,3,0,0,0,0,0,0,0,0,0,0
II10,York9 FC,Joseph Di Chiara,m,8.0,Joseph,Di Chiara,90,49,34,82.4,1,100.0,0,1,0,1,0,1,0,0,0,12,5,0,1,0,0,4,3,0,0,0,0
II10,York9 FC,Kyle Porter,m,19.0,Kyle,Porter,5,7,4,75.0,0,0.0,0,0,0,0,0,0,0,0,0,3,1,0,1,0,0,1,1,0,0,0,0
II10,York9 FC,Lowell Wright,f,80.0,Lowell,Wright,4,1,1,100.0,0,0.0,0,0,0,0,0,0,0,0,0,0,0,0,0,0,0,0,0,0,0,0,0
II10,York9 FC,Luca Gasparotto,d,13.0,Luca,Gasparotto,90,48,37,89.2,0,0.0,0,0,0,0,0,0,0,1,1,3,2,6,2,0,0,0,0,0,0,0,0
II10,York9 FC,Manuel Aparicio,m,10.0,Manny,Aparicio,90,72,56,78.6,3,0.0,0,1,0,0,0,0,0,3,2,10,6,0,0,1,0,1,2,0,0,0,0
II10,York9 FC,Max Ferrari,m,16.0,Max,Ferrari,49,23,11,90.9,0,0.0,0,0,0,3,1,2,1,2,2,11,2,1,1,0,0,0,5,0,0,0,0
II10,York9 FC,Michael Petrasso,m,21.0,Michael,Petrasso,37,15,9,100.0,2,0.0,0,0,0,1,0,1,0,0,0,4,3,0,0,0,0,2,0,0,0,0,0
II10,York9 FC,Morey Doner,d,3.0,Morey,Doner,90,58,37,83.8,3,0.0,0,1,0,0,0,0,0,1,1,5,2,1,0,0,0,1,0,0,0,0,0
II10,York9 FC,Nathan Ingham,g,29.0,Nathan,Ingham,90,37,26,73.1,0,0.0,0,0,0,0,0,0,0,0,0,1,1,0,0,0,0,1,0,3,3,0,1
II10,York9 FC,Roger Thompson,d,6.0,Roger,Thompson,90,51,44,65.9,0,0.0,0,1,0,0,0,0,0,0,0,9,7,4,1,0,0,0,1,0,0,0,0
II10,York9 FC,Ryan Telfer,m,18.0,Ryan,Telfer,90,48,27,55.6,10,30.0,0,2,0,4,1,2,2,1,0,10,7,0,1,1,0,2,3,0,0,0,0
II10,York9 FC,Wataru Murofushi,m,23.0,Wataru,Murofushi,85,49,45,91.1,0,0.0,0,2,0,1,0,0,1,0,0,5,2,0,0,0,0,2,2,0,0,0,0
II10,York9 FC,Álvaro Rivero Sánchez,f,7.0,Álvaro,Rivero,62,15,7,71.4,0,0.0,0,0,0,2,1,1,1,0,0,3,3,0,0,0,0,3,0,0,0,0,0
II10,Valour FC,Andrew Jean-Baptiste,d,35.0,Andrew,Jean-Baptiste,90,55,46,73.9,0,0.0,0,0,0,0,0,0,0,1,1,4,3,6,0,0,0,0,0,0,0,0,0
II10,Valour FC,Austin Ricci,f,9.0,Austin,Ricci,76,22,14,57.1,1,0.0,0,0,0,0,0,0,0,1,1,5,1,0,0,0,0,0,2,0,0,0,0
II10,Valour FC,Brett Levis,m,17.0,Brett,Levis,49,36,25,76.0,0,0.0,0,0,0,0,0,0,0,1,1,6,2,3,2,0,0,0,2,0,0,0,0
II10,Valour FC,Dante Campbell,m,48.0,Dante,Campbell,13,12,7,100.0,0,0.0,0,0,0,0,0,0,0,0,0,2,2,0,0,0,0,1,0,0,0,0,0
II10,Valour FC,Daryl Fordyce,f,16.0,Daryl,Fordyce,14,13,7,42.9,0,0.0,0,0,0,1,0,0,1,0,0,5,1,0,1,0,0,1,3,0,0,0,0
II10,Valour FC,Diego Gutiérrez,m,8.0,Diego,Gutiérrez,90,71,55,81.8,1,0.0,0,0,0,1,0,0,1,3,3,8,4,1,1,0,0,1,4,0,0,0,0
II10,Valour FC,Dylan Carreiro,m,10.0,Dylan,Carreiro,32,15,7,57.1,1,0.0,0,0,0,0,0,0,0,1,0,6,5,0,0,0,0,4,0,0,0,0,0
II10,Valour FC,Federico Peña,f,77.0,Federico,Peña,41,19,5,100.0,0,0.0,0,0,0,1,0,1,0,5,1,8,6,1,0,0,0,1,0,0,0,0,0
II10,Valour FC,Fraser Aird,m,33.0,Fraser,Aird,58,27,16,75.0,2,50.0,0,1,0,2,1,0,2,0,0,2,0,0,0,0,0,0,1,0,0,0,0
II10,Valour FC,James Pantemis,g,1.0,James,Pantemis,90,45,27,66.7,0,0.0,0,0,0,0,0,0,0,0,0,0,0,1,0,0,0,0,0,3,3,1,1
II10,Valour FC,Julian Dunn-Johnson,d,5.0,Julian,Dunn,90,58,42,83.3,0,0.0,0,0,0,0,0,0,0,4,1,10,4,3,2,0,0,0,1,0,0,0,0
II10,Valour FC,Mastanabal Kacher,f,7.0,Masta,Kacher,90,50,36,72.2,1,0.0,0,0,0,1,0,0,1,0,0,8,3,0,0,0,0,2,1,0,0,0,0
II10,Valour FC,Moses Dyer,m,6.0,Moses,Dyer,58,23,13,92.3,0,0.0,0,1,0,1,0,1,0,0,0,8,5,1,0,0,0,4,3,0,0,0,0
II10,Valour FC,Raphael Ohin,m,27.0,Raphael,Ohin,90,64,51,92.2,0,0.0,0,2,0,2,0,0,2,1,0,4,2,2,4,1,0,1,1,0,0,0,0
II10,Valour FC,Shaan Hundal,f,11.0,Shaan,Hundal,32,9,6,83.3,0,0.0,0,1,0,1,1,0,1,0,0,6,0,0,0,1,0,0,0,0,0,0,0
II10,Valour FC,Stefan Cebara,m,14.0,Stefan,Cebara,77,35,24,75.0,0,0.0,0,1,0,1,1,1,0,0,0,5,3,0,0,0,0,2,1,0,0,0,0
II11,Forge FC,Alexander Achinioti-Jönsson,m,13.0,Alexander,Achinioti-Jönsson,0,8,6,66.7,0,0.0,0,0,0,0,0,0,0,0,0,1,1,0,2,0,0,0,0,0,0,0,0
II11,Forge FC,Anthony Novak,f,23.0,Anthony,Novak,0,4,1,100.0,0,0.0,0,0,0,2,1,2,0,0,0,3,0,0,0,0,0,0,0,0,0,0,0
II11,Forge FC,Christopher Nanco,f,11.0,Chris,Nanco,0,23,7,57.1,2,50.0,0,0,1,1,1,1,0,1,1,11,3,1,0,0,0,1,2,0,0,0,0
II11,Forge FC,Daniel Krutzen,d,5.0,Daniel,Krutzen,0,66,51,74.5,1,0.0,0,0,0,2,0,0,2,2,2,5,4,5,1,0,0,0,0,0,0,0,0
II11,Forge FC,David Choinière,m,7.0,David,Choinière,0,25,15,73.3,2,0.0,0,0,0,0,0,0,0,0,0,7,3,0,1,0,0,2,0,0,0,0,0
II11,Forge FC,David Edgar,d,30.0,David,Edgar,0,60,50,74.0,0,0.0,0,0,0,0,0,0,0,0,0,4,2,5,0,1,0,0,2,0,0,0,0
II11,Forge FC,Dominic Samuel,d,4.0,Dominic,Samuel,0,62,29,75.9,0,0.0,0,1,0,0,0,0,0,3,0,16,11,3,1,0,0,4,1,0,0,0,0
II11,Forge FC,Elimane Cissé,m,3.0,Elimane,Cissé,0,57,28,92.9,2,50.0,0,1,0,3,1,3,0,7,6,20,15,0,1,0,0,4,2,0,0,0,0
II11,Forge FC,Gabriel Wiethaeuper-Balbinotti,f,20.0,Gabriel,Balbinotti,0,19,12,58.3,0,0.0,0,0,0,1,0,0,1,0,0,8,3,0,0,0,0,1,1,0,0,0,0
II11,Forge FC,Jordan Dunstan,d,21.0,Jordan,Dunstan,0,13,3,100.0,2,0.0,0,1,0,0,0,0,0,2,2,4,2,1,1,0,0,0,1,0,0,0,0
II11,Forge FC,Kwame Awuah,d,6.0,Kwame,Awuah,0,48,30,66.7,1,0.0,0,0,0,1,1,1,0,3,3,7,6,0,1,0,0,1,0,0,0,0,0
II11,Forge FC,Kyle Bekker,m,10.0,Kyle,Bekker,0,55,40,82.5,4,25.0,0,4,1,1,1,1,0,0,0,5,0,1,0,0,0,0,1,0,0,0,0
II11,Forge FC,Maxim Tissot,d,15.0,Maxim,Tissot,0,31,23,82.6,2,0.0,0,0,0,1,0,0,1,1,1,5,1,0,1,0,0,0,0,0,0,0,0
II11,Forge FC,Molham Babouli,f,19.0,Mo,Babouli,0,17,10,60.0,1,0.0,1,1,0,1,0,0,1,0,0,5,3,0,0,0,0,1,0,0,0,0,0
II11,Forge FC,Paolo Sabak,m,24.0,Paolo,Sabak,0,31,21,61.9,1,0.0,0,1,0,1,1,0,1,1,1,9,6,0,0,0,0,4,0,0,0,0,0
II11,Forge FC,Triston Henry,g,1.0,Triston,Henry,0,47,32,84.4,0,0.0,0,0,0,0,0,0,0,0,0,1,1,2,0,0,0,1,0,3,2,0,0
II11,Pacific FC,Alejandro Díaz Liceága,f,9.0,Alejandro,Diaz,0,38,27,70.4,1,0.0,0,1,0,3,1,3,0,0,0,8,2,0,0,0,0,0,0,0,0,0,0
II11,Pacific FC,Alessandro Hojabrpour,m,21.0,Alessandro,Hojabrpour,0,6,3,33.3,0,0.0,0,0,0,1,0,0,1,1,1,2,1,0,0,0,0,0,0,0,0,0,0
II11,Pacific FC,Jamar Dixon,m,22.0,Jamar,Dixon,0,37,28,89.3,0,0.0,0,1,1,3,1,2,1,3,1,12,5,0,0,1,0,0,5,0,0,0,0
II11,Pacific FC,Kadin Chung,d,7.0,Kadin,Chung,0,65,38,89.5,4,50.0,0,2,0,0,0,0,0,3,3,8,6,3,3,0,0,1,0,0,0,0,0
II11,Pacific FC,Lukas MacNaughton,d,6.0,Lukas,MacNaughton,0,55,42,73.8,0,0.0,0,0,0,0,0,0,0,5,3,13,9,5,0,0,0,2,2,0,0,0,0
II11,Pacific FC,Marcel de Jong,d,17.0,Marcel,de Jong,0,78,48,68.8,3,66.7,0,3,0,3,0,1,2,1,1,3,3,6,2,0,0,0,0,0,0,0,0
II11,Pacific FC,Marco Bustos,m,10.0,Marco,Bustos,0,40,27,88.9,1,0.0,0,1,0,4,0,3,1,1,1,10,4,0,0,1,0,1,2,0,0,0,0
II11,Pacific FC,Matthew Baldisimo,m,8.0,Matthew,Baldisimo,0,29,20,80.0,2,0.0,0,0,0,1,0,1,0,0,0,7,3,0,1,0,0,2,2,0,0,0,0
II11,Pacific FC,Noah Verhoeven,m,19.0,Noah,Verhoeven,0,46,36,77.8,1,100.0,0,2,0,0,0,0,0,2,2,9,5,0,0,0,0,0,2,0,0,0,0
II11,Pacific FC,Nolan Wirth,g,1.0,Nolan,Wirth,0,52,34,61.8,0,0.0,0,0,0,0,0,0,0,0,0,4,4,2,0,0,0,3,0,6,4,0,0
II11,Pacific FC,Sean Young,m,20.0,Sean,Young,0,14,9,77.8,0,0.0,0,1,0,0,0,0,0,1,1,4,1,0,1,0,0,0,1,0,0,0,0
II11,Pacific FC,Terran Campbell,f,14.0,Terran,Campbell,0,16,8,75.0,0,0.0,0,1,0,1,0,1,0,0,0,4,0,0,0,0,0,0,1,0,0,0,0
II11,Pacific FC,Thomas Meilleur-Giguère,d,26.0,Thomas,Meilleur-Giguère,0,59,47,87.2,0,0.0,0,0,0,1,1,1,0,1,1,6,2,6,3,0,0,0,1,0,0,0,0
II11,Pacific FC,Victor Blasco,m,23.0,Victor,Blasco,0,25,14,78.6,2,0.0,0,0,0,3,0,2,1,0,0,5,1,1,0,0,0,0,0,0,0,0,0
II11,Pacific FC,Zachary Verhoven,m,16.0,Zach,Verhoven,0,52,24,75.0,7,42.9,0,6,0,1,1,1,0,3,2,16,4,0,2,1,0,1,4,0,0,0,0
II12,Atlético Ottawa,Ajay Khabra,m,23.0,Ajay,Khabra,90,59,48,85.4,0,0.0,0,1,0,0,0,0,0,3,2,13,7,1,0,0,0,3,3,0,0,0,0
II12,Atlético Ottawa,Antoine Coupland,m,11.0,Antoine,Coupland,50,17,6,50.0,0,0.0,0,0,0,0,0,0,0,4,3,9,5,0,0,1,0,0,3,0,0,0,0
II12,Atlético Ottawa,Ben Fisk,m,10.0,Ben,Fisk,90,40,35,85.7,0,0.0,0,0,0,2,1,0,2,1,1,8,3,0,0,1,0,2,1,0,0,0,0
II12,Atlético Ottawa,Ben McKendry,m,22.0,Ben,McKendry,40,22,17,88.2,0,0.0,0,1,0,1,0,0,1,4,3,6,5,0,0,0,0,0,0,0,0,0,0
II12,Atlético Ottawa,Evan Brandon John,d,4.0,Brandon,John,90,33,20,70.0,0,0.0,0,0,0,0,0,0,0,1,1,9,6,5,3,0,0,3,1,0,0,0,0
II12,Atlético Ottawa,Francisco Javier Acuña Víctor,m,8.0,Francisco,Acuña,74,54,38,84.2,3,0.0,0,2,2,2,2,2,0,2,2,10,5,0,0,0,0,0,1,0,0,0,0
II12,Atlético Ottawa,Gianfranco Facchineri,d,6.0,Gianfranco,Facchineri,90,27,18,77.8,0,0.0,0,0,0,0,0,0,0,1,1,4,3,5,1,0,0,1,0,0,0,0,0
II12,Atlético Ottawa,Ignacio Zabal Almazán,g,1.0,Nacho,Zabal,90,35,26,42.3,0,0.0,0,0,0,0,0,0,0,0,0,0,0,1,0,0,0,0,0,4,2,1,0
II12,Atlético Ottawa,Maksym Kowal,f,21.0,Maksym,Kowal,16,2,2,0.0,0,0.0,0,0,0,0,0,0,0,0,0,3,0,0,0,0,0,0,0,0,0,0,0
II12,Atlético Ottawa,Malcolm Isaiah Shaw,f,19.0,Malcolm,Shaw,90,36,18,83.3,0,0.0,1,1,0,2,0,2,0,1,1,19,8,1,1,0,0,2,2,0,0,0,0
II12,Atlético Ottawa,Malyk Hamilton,m,2.0,Malyk,Hamilton,90,70,44,77.3,3,0.0,1,1,0,0,0,0,0,2,2,8,3,4,2,0,0,1,2,0,0,0,0
II12,Atlético Ottawa,Mohamed Kourouma,f,9.0,Mohamed,Kourouma,90,70,44,75.0,6,16.7,0,1,0,4,1,1,3,1,0,12,5,0,2,1,0,3,1,0,0,0,0
II12,Atlético Ottawa,Vashon Neufville,d,44.0,Vashon,Neufville,90,49,28,71.4,2,0.0,0,1,0,0,0,0,0,2,1,8,3,1,2,0,0,1,3,0,0,0,0
II12,FC Edmonton,Allan Zebie,d,4.0,Allan,Zebie,90,66,57,94.7,0,0.0,0,0,0,1,1,0,1,1,1,6,3,0,0,0,0,0,0,0,0,0,0
II12,FC Edmonton,Antony Caceres,m,20.0,Anthony,Caceres,13,8,5,100.0,0,0.0,1,1,0,1,0,1,0,0,0,2,0,0,0,0,0,0,2,0,0,0,0
II12,FC Edmonton,Chance Carter,m,14.0,Chance,Carter,45,27,24,79.2,0,0.0,0,1,0,0,0,0,0,0,0,2,1,0,0,0,0,0,1,0,0,0,0
II12,FC Edmonton,Connor James,g,1.0,Connor,James,90,27,22,86.4,0,0.0,0,0,0,0,0,0,0,0,0,2,2,0,0,0,0,1,0,4,2,0,0
II12,FC Edmonton,Easton Ongaro,f,19.0,Easton,Ongaro,90,23,6,100.0,2,0.0,0,1,1,1,1,1,0,0,0,11,3,0,0,0,0,1,2,0,0,0,0
II12,FC Edmonton,Erik Zetterberg,m,21.0,Erik,Zetterberg,45,31,26,65.4,1,0.0,0,1,0,1,0,0,1,0,0,2,0,0,2,0,0,0,0,0,0,0,0
II12,FC Edmonton,Hanson Boakai,m,10.0,Hanson,Boakai,28,40,26,92.3,2,50.0,0,1,0,1,1,1,0,1,1,5,2,0,0,0,0,0,0,0,0,0,0
II12,FC Edmonton,Jeannot Esua,d,3.0,Jeannot,Esua,77,52,32,96.9,3,0.0,0,0,0,0,0,0,0,1,1,8,6,0,2,0,0,4,0,0,0,0,0
II12,FC Edmonton,Kareem Moses,d,12.0,Kareem,Moses,20,6,4,100.0,0,0.0,0,0,0,1,0,1,0,0,0,1,0,0,0,0,0,0,0,0,0,0,0
II12,FC Edmonton,Keven Steven Alemán Bustos,m,11.0,Keven,Alemán,90,72,45,88.9,7,42.9,0,2,1,1,1,1,0,3,2,19,9,1,0,1,0,4,2,0,0,0,0
II12,FC Edmonton,Mélé Temguia,d,8.0,Mélé,Temguia,90,99,81,90.1,0,0.0,0,0,0,2,0,2,0,5,3,16,10,1,2,0,0,1,3,0,0,0,0
II12,FC Edmonton,Prince Amanda,f,16.0,Prince,Amanda,13,21,10,90.0,3,0.0,0,0,0,0,0,0,0,0,0,5,2,0,0,0,0,0,0,0,0,0,0
II12,FC Edmonton,Ramon Soria,d,5.0,Ramon,Soria,90,84,71,87.3,1,0.0,0,0,0,1,0,1,0,3,3,7,5,3,2,0,0,1,1,0,0,0,0
II12,FC Edmonton,Samuel Gardner,d,33.0,Sam,Gardner,70,56,40,80.0,2,0.0,0,0,0,1,0,1,0,3,3,13,6,2,2,1,0,0,3,0,0,0,0
II12,FC Edmonton,Tomi Ameobi,f,18.0,Tomi,Ameobi,77,30,19,84.2,0,0.0,0,0,0,1,0,1,0,0,0,5,4,1,0,0,0,3,1,0,0,0,0
II12,FC Edmonton,Yong-Chan Son,m,7.0,Yong-Chan,Son,62,31,12,83.3,3,33.3,0,1,0,0,0,0,0,1,0,5,3,0,1,0,0,1,2,0,0,0,0
II13,Cavalry FC,Bruno Zebie,m,16.0,Bruno,Zebie,71,42,33,75.8,1,0.0,0,0,0,0,0,0,0,2,2,8,5,1,0,0,0,1,1,0,0,0,0
II13,Cavalry FC,Dean Northover,d,12.0,Dean,Northover,90,68,46,63.0,1,100.0,0,1,0,0,0,0,0,4,2,10,7,2,1,0,0,3,0,0,0,0,0
II13,Cavalry FC,Dominick Zator,d,4.0,Dominick,Zator,90,74,61,83.6,0,0.0,0,1,0,1,0,1,0,3,2,9,6,2,1,0,0,1,1,0,0,0,0
II13,Cavalry FC,Elijah Adekugbe,m,8.0,Elijah,Adekugbe,90,92,69,94.2,4,75.0,1,2,0,1,1,0,1,1,0,16,9,2,1,0,0,5,1,0,0,0,0
II13,Cavalry FC,Elliot Simmons,m,15.0,Elliot,Simmons,45,30,25,80.0,0,0.0,0,0,0,0,0,0,0,1,0,4,2,0,0,0,0,0,1,0,0,0,0
II13,Cavalry FC,Jonathan Wheeldon,d,14.0,Jay,Wheeldon,90,64,58,91.4,0,0.0,0,0,0,0,0,0,0,1,0,4,3,1,3,1,0,0,1,0,0,0,0
II13,Cavalry FC,Jordan Brown,f,9.0,Jordan,Brown,19,12,6,66.7,1,0.0,0,0,1,1,1,1,0,0,0,4,1,0,0,0,0,1,0,0,0,0,0
II13,Cavalry FC,José Hernández,f,20.0,Jose,Hernandez,8,13,5,100.0,0,0.0,0,0,0,0,0,0,0,2,1,3,3,3,0,0,0,1,1,0,0,0,0
II13,Cavalry FC,Marcus Haber,f,29.0,Marcus,Haber,82,33,22,77.3,3,0.0,0,0,0,1,1,1,0,1,0,13,2,0,0,0,0,0,5,0,0,0,0
II13,Cavalry FC,Mohamed Farsi,d,21.0,Mohamed,Farsi,1,0,0,0.0,0,0.0,0,0,0,0,0,0,0,0,0,0,0,0,0,0,0,0,0,0,0,0,0
II13,Cavalry FC,Nathan Mavila,d,3.0,Nathan,Mavila,90,75,43,83.7,3,0.0,0,0,1,2,1,1,1,1,1,14,5,2,2,0,0,1,5,0,0,0,0
II13,Cavalry FC,Nico Pasquotti,f,17.0,Nico,Pasquotti,89,44,25,80.0,3,0.0,0,1,0,1,0,1,0,0,0,13,5,0,1,0,0,2,1,0,0,0,0
II13,Cavalry FC,Nikolas Giantsopoulos,g,22.0,Niko,Giantsopoulos,90,30,21,61.9,0,0.0,0,0,0,0,0,0,0,0,0,1,1,1,0,0,0,0,0,3,2,1,0
II13,Cavalry FC,Nikolas Ledgerwood,m,6.0,Nik,Ledgerwood,19,15,11,54.5,0,0.0,0,0,0,0,0,0,0,1,0,2,1,0,0,0,0,0,1,0,0,0,0
II13,Cavalry FC,Oliver Minatel,f,7.0,Oliver,Minatel,71,45,32,78.1,0,0.0,0,0,0,1,0,1,0,4,3,12,7,0,0,0,0,2,2,0,0,0,0
II13,Cavalry FC,Robert Boskovic,d,25.0,Robert,Boskovic,45,47,42,81.0,0,0.0,0,0,0,0,0,0,0,0,0,7,3,1,0,0,0,1,1,0,0,0,0
II13,HFX Wanderers FC,Aboubacar Sissoko,m,17.0,Aboubacar,Sissoko,90,78,62,88.7,0,0.0,0,0,0,0,0,0,0,2,2,11,6,0,0,0,0,3,2,0,0,0,0
II13,HFX Wanderers FC,Akeem Garcia,f,11.0,Akeem,Garcia,45,11,5,60.0,0,0.0,0,0,1,3,2,3,0,0,0,2,1,0,0,0,0,0,0,0,0,0,0
II13,HFX Wanderers FC,Alex Marshall,m,7.0,Alex,Marshall,27,15,10,80.0,0,0.0,0,0,0,1,0,0,1,0,0,6,5,0,0,0,0,2,1,0,0,0,0
II13,HFX Wanderers FC,Andre Rampersad,m,18.0,Andre,Rampersad,90,45,31,90.3,4,25.0,0,3,0,0,0,0,0,1,1,13,8,0,0,0,0,2,1,0,0,0,0
II13,HFX Wanderers FC,Chrisnovic N'Sa,d,6.0,Chris,N'sa,90,77,38,76.3,4,25.0,0,1,0,0,0,0,0,3,2,17,7,3,0,0,0,2,1,0,0,0,0
II13,HFX Wanderers FC,Cory Bent,m,23.0,Cory,Bent,70,21,9,44.4,3,0.0,0,0,0,0,0,0,0,1,0,8,4,0,0,0,0,2,1,0,0,0,0
II13,HFX Wanderers FC,Ibrahima Sanoh,f,9.0,Ibrahima,Sanoh,45,17,7,57.1,0,0.0,0,1,0,0,0,0,0,0,0,7,3,1,0,0,0,1,0,0,0,0,0
II13,HFX Wanderers FC,Jake Ruby,d,20.0,Jake,Ruby,8,8,3,66.7,0,0.0,0,0,0,1,0,0,1,0,0,1,0,1,0,0,0,0,0,0,0,0,0
II13,HFX Wanderers FC,Jason Beaulieu,g,1.0,Jason,Beaulieu,90,42,33,63.6,0,0.0,0,0,0,0,0,0,0,0,0,2,2,1,0,0,0,2,0,4,2,0,0
II13,HFX Wanderers FC,Jems Geffrard,d,3.0,Jems,Geffrard,90,50,41,90.2,0,0.0,0,0,0,0,0,0,0,1,0,6,5,4,1,0,0,2,0,0,0,0,0
II13,HFX Wanderers FC,João Morelli Neto,f,22.0,João,Morelli,63,34,21,81.0,2,50.0,0,0,0,2,1,1,1,1,1,11,4,0,0,0,0,0,3,0,0,0,0
II13,HFX Wanderers FC,Louis Béland-Goyette,m,5.0,Louis,Béland-Goyette,90,76,62,72.6,1,0.0,0,0,0,0,0,0,0,3,3,15,5,2,1,0,0,1,6,0,0,0,0
II13,HFX Wanderers FC,Mateo Restrepo,d,14.0,Mateo,Restrepo,82,51,33,78.8,0,0.0,0,0,0,0,0,0,0,1,1,6,2,1,2,1,0,0,2,0,0,0,0
II13,HFX Wanderers FC,Omar Kreim,m,8.0,Omar,Kreim,20,10,7,71.4,0,0.0,0,0,0,1,0,1,0,0,0,3,1,0,0,0,0,0,0,0,0,0,0
II13,HFX Wanderers FC,Peter Schaale,d,2.0,Peter,Schaale,90,84,65,76.9,1,100.0,0,1,0,0,0,0,0,1,0,12,7,7,1,1,0,1,1,0,0,0,0
II14,Pacific FC,Alejandro Díaz Liceága,f,9.0,Alejandro,Diaz,61,20,12,66.7,0,0.0,0,1,1,3,3,3,0,0,0,3,1,0,0,0,0,0,0,0,0,0,0
II14,Pacific FC,Alessandro Hojabrpour,m,21.0,Alessandro,Hojabrpour,29,18,13,84.6,0,0.0,0,0,0,0,0,0,0,1,1,1,1,0,0,0,0,0,0,0,0,0,0
II14,Pacific FC,Callum Irving,g,13.0,Callum,Irving,90,55,36,66.7,0,0.0,0,0,0,0,0,0,0,0,0,0,0,1,0,0,0,0,0,7,7,2,1
II14,Pacific FC,Jamar Dixon,m,22.0,Jamar,Dixon,61,32,23,78.3,0,0.0,0,0,0,0,0,0,0,3,1,12,5,1,0,1,0,1,5,0,0,0,0
II14,Pacific FC,Jordan Haynes,d,3.0,Jordan,Haynes,13,9,3,33.3,0,0.0,0,0,0,0,0,0,0,0,0,2,1,1,0,0,0,1,1,0,0,0,0
II14,Pacific FC,Kadin Chung,d,7.0,Kadin,Chung,90,55,38,76.3,3,0.0,0,0,0,0,0,0,0,4,4,8,5,0,0,0,0,0,1,0,0,0,0
II14,Pacific FC,Lukas MacNaughton,d,6.0,Lukas,MacNaughton,90,61,45,77.8,0,0.0,0,0,0,0,0,0,0,0,0,8,7,7,3,0,0,2,1,0,0,0,0
II14,Pacific FC,Marcel de Jong,d,17.0,Marcel,de Jong,77,68,41,63.4,4,25.0,0,1,0,2,1,2,0,1,1,5,5,2,4,0,0,1,0,0,0,0,0
II14,Pacific FC,Marco Bustos,m,10.0,Marco,Bustos,89,52,31,87.1,4,50.0,0,1,0,3,1,2,1,0,0,11,5,1,2,0,0,4,2,0,0,0,0
II14,Pacific FC,Matthew Baldisimo,m,8.0,Matthew,Baldisimo,90,52,38,92.1,0,0.0,1,1,0,2,1,0,2,1,1,9,4,1,1,0,0,1,1,0,0,0,0
II14,Pacific FC,Sean Young,m,20.0,Sean,Young,90,39,30,76.7,0,0.0,0,1,0,1,0,1,0,1,0,6,3,1,1,0,0,0,1,0,0,0,0
II14,Pacific FC,Terran Campbell,f,14.0,Terran,Campbell,29,11,6,66.7,0,0.0,0,0,0,1,1,1,0,0,0,7,2,0,0,0,0,0,2,0,0,0,0
II14,Pacific FC,Thomas Meilleur-Giguère,d,26.0,Thomas,Meilleur-Giguère,90,69,59,83.1,0,0.0,0,1,0,0,0,0,0,0,0,3,1,3,3,0,0,0,0,0,0,0,0
II14,Pacific FC,Victor Blasco,m,23.0,Victor,Blasco,90,63,37,83.8,4,25.0,0,2,1,2,1,1,1,3,2,11,6,1,2,0,0,1,0,0,0,0,0
II14,Pacific FC,Zachary Verhoven,m,16.0,Zach,Verhoven,1,1,1,100.0,0,0.0,0,0,0,0,0,0,0,0,0,0,0,0,0,0,0,0,0,0,0,0,0
II14,Valour FC,Andrew Jean-Baptiste,d,35.0,Andrew,Jean-Baptiste,90,56,45,71.1,0,0.0,0,0,0,2,1,2,0,0,0,6,4,1,3,0,0,2,2,0,0,0,0
II14,Valour FC,Austin Ricci,f,9.0,Austin,Ricci,24,12,6,33.3,1,0.0,0,1,0,0,0,0,0,1,0,5,4,0,0,1,0,1,1,0,0,0,0
II14,Valour FC,Dante Campbell,m,48.0,Dante,Campbell,18,15,6,50.0,1,0.0,0,0,0,0,0,0,0,0,0,4,0,0,1,0,0,0,0,0,0,0,0
II14,Valour FC,Daryl Fordyce,f,16.0,Daryl,Fordyce,4,0,0,0.0,0,0.0,0,0,0,0,0,0,0,0,0,0,0,0,0,0,0,0,0,0,0,0,0
II14,Valour FC,Diego Gutiérrez,m,8.0,Diego,Gutiérrez,66,53,42,78.6,0,0.0,0,0,0,0,0,0,0,1,1,6,3,0,1,0,0,1,1,0,0,0,0
II14,Valour FC,Dylan Carreiro,m,10.0,Dylan,Carreiro,90,54,32,68.8,6,16.7,0,4,0,4,1,3,1,1,0,9,5,0,0,0,0,2,1,0,0,0,0
II14,Valour FC,Federico Peña,f,77.0,Federico,Peña,72,33,16,68.8,0,0.0,0,0,0,1,0,0,1,2,1,5,2,0,1,0,0,0,1,0,0,0,0
II14,Valour FC,Fraser Aird,m,33.0,Fraser,Aird,86,31,23,60.9,0,0.0,0,2,0,4,2,2,2,0,0,7,2,0,0,0,0,2,1,0,0,0,0
II14,Valour FC,James Pantemis,g,1.0,James,Pantemis,90,40,28,67.9,0,0.0,0,0,0,0,0,0,0,0,0,0,0,1,0,0,0,0,0,8,6,0,0
II14,Valour FC,José Antonio Galán Pedrosa,m,21.0,José,Galán,24,14,11,63.6,0,0.0,0,0,0,0,0,0,0,0,0,1,0,1,1,0,0,0,0,0,0,0,0
II14,Valour FC,Julian Dunn-Johnson,d,5.0,Julian,Dunn,90,46,34,67.6,0,0.0,0,0,0,0,0,0,0,0,0,7,4,2,0,0,0,1,0,0,0,0,0
II14,Valour FC,Mastanabal Kacher,f,7.0,Masta,Kacher,66,32,21,76.2,2,50.0,0,2,0,1,0,1,0,0,0,4,2,0,1,0,0,1,0,0,0,0,0
II14,Valour FC,Raphael Ohin,m,27.0,Raphael,Ohin,86,55,40,85.0,0,0.0,0,1,0,3,2,0,3,1,1,10,6,1,3,0,0,3,3,0,0,0,0
II14,Valour FC,Shaan Hundal,f,11.0,Shaan,Hundal,90,20,8,75.0,1,0.0,0,1,0,1,1,1,0,1,1,9,2,0,0,0,0,0,1,0,0,0,0
II14,Valour FC,Solomon Kojo Antwi,m,25.0,Solomon,Kojo Antwi,4,1,0,0.0,0,0.0,0,0,0,0,0,0,0,0,0,2,0,0,0,0,0,0,1,0,0,0,0
II14,Valour FC,Stefan Cebara,m,14.0,Stefan,Cebara,90,69,35,80.0,1,0.0,0,0,0,0,0,0,0,3,3,11,6,1,6,0,0,1,0,0,0,0,0
II15,York9 FC,Fugo Segawa,d,26.0,Fugo,Segawa,90,54,30,80.0,2,50.0,0,1,0,1,0,1,0,1,1,7,3,0,1,0,0,2,1,0,0,0,0
II15,York9 FC,Ijah Halley,d,14.0,Ijah,Halley,58,19,9,77.8,2,50.0,0,1,0,1,1,1,0,1,1,7,3,0,0,0,0,0,1,0,0,0,0
II15,York9 FC,Isaiah Johnston,m,44.0,Isaiah,Johnston,1,1,1,100.0,0,0.0,0,0,0,0,0,0,0,0,0,0,0,0,0,0,0,0,0,0,0,0,0
II15,York9 FC,Joseph Di Chiara,m,8.0,Joseph,Di Chiara,90,61,39,94.9,0,0.0,0,0,2,4,3,3,1,6,2,16,10,2,1,0,0,3,2,0,0,0,0
II15,York9 FC,Kyle Porter,m,19.0,Kyle,Porter,79,37,21,90.5,7,28.6,1,1,1,1,1,1,0,1,0,9,2,0,0,0,0,1,1,0,0,0,0
II15,York9 FC,Lowell Wright,f,80.0,Lowell,Wright,32,12,5,40.0,0,0.0,0,0,0,0,0,0,0,1,1,4,1,1,0,0,0,0,1,0,0,0,0
II15,York9 FC,Luca Gasparotto,d,13.0,Luca,Gasparotto,90,38,28,78.6,0,0.0,0,0,0,1,0,1,0,4,2,8,5,3,0,0,0,0,1,0,0,0,0
II15,York9 FC,Manuel Aparicio,m,10.0,Manny,Aparicio,89,54,37,86.5,1,0.0,0,2,0,3,0,0,3,3,2,16,9,0,2,1,0,2,3,0,0,0,0
II15,York9 FC,Max Ferrari,m,16.0,Max,Ferrari,32,18,11,90.9,1,0.0,0,0,0,0,0,0,0,0,0,7,3,0,0,0,0,1,0,0,0,0,0
II15,York9 FC,Morey Doner,d,3.0,Morey,Doner,90,53,32,81.3,0,0.0,0,0,0,0,0,0,0,0,0,7,2,2,2,0,0,0,1,0,0,0,0
II15,York9 FC,Nathan Ingham,g,29.0,Nathan,Ingham,90,26,14,71.4,0,0.0,0,1,0,0,0,0,0,0,0,0,0,1,0,0,0,0,0,5,3,0,0
II15,York9 FC,Roger Thompson,d,6.0,Roger,Thompson,90,47,34,50.0,0,0.0,0,0,0,0,0,0,0,3,2,10,6,5,3,0,0,0,1,0,0,0,0
II15,York9 FC,Ryan Telfer,m,18.0,Ryan,Telfer,90,49,18,88.9,10,20.0,0,1,0,1,0,0,1,2,2,18,11,0,1,0,0,7,2,0,0,0,0
II15,York9 FC,Wataru Murofushi,m,23.0,Wataru,Murofushi,11,10,7,71.4,0,0.0,0,0,0,0,0,0,0,0,0,2,0,0,0,0,0,0,1,0,0,0,0
II15,York9 FC,Álvaro Rivero Sánchez,f,7.0,Álvaro,Rivero,58,17,11,100.0,0,0.0,0,0,0,1,0,0,1,0,0,5,0,0,0,0,0,0,3,0,0,0,0
II15,Forge FC,Alexander Achinioti-Jönsson,m,13.0,Alexander,Achinioti-Jönsson,68,37,30,86.7,0,0.0,0,0,1,2,1,2,0,3,1,7,6,0,0,0,0,2,1,0,0,0,0
II15,Forge FC,Anthony Novak,f,23.0,Anthony,Novak,45,21,9,100.0,0,0.0,0,0,0,1,1,1,0,3,3,11,6,0,0,0,0,3,2,0,0,0,0
II15,Forge FC,Christopher Nanco,f,11.0,Chris,Nanco,45,16,7,71.4,2,0.0,0,0,1,1,1,1,0,2,1,7,3,0,0,0,0,0,1,0,0,0,0
II15,Forge FC,Daniel Krutzen,d,5.0,Daniel,Krutzen,90,77,66,84.8,2,0.0,0,0,0,1,1,0,1,1,0,4,2,3,0,0,0,1,2,0,0,0,0
II15,Forge FC,David Choinière,m,7.0,David,Choinière,68,32,15,80.0,4,50.0,0,1,0,0,0,0,0,1,1,10,3,0,0,0,0,2,2,0,0,0,0
II15,Forge FC,David Edgar,d,30.0,David,Edgar,90,53,42,81.0,0,0.0,0,0,0,2,1,2,0,1,1,5,3,4,0,1,0,1,2,0,0,0,0
II15,Forge FC,Dominic Samuel,d,4.0,Dominic,Samuel,90,62,33,75.8,1,0.0,0,0,0,1,0,1,0,4,2,15,8,2,0,0,0,0,3,0,0,0,0
II15,Forge FC,Elimane Cissé,m,3.0,Elimane,Cissé,90,51,31,77.4,2,50.0,0,0,0,0,0,0,0,2,1,14,7,0,2,0,0,1,1,0,0,0,0
II15,Forge FC,Gabriel Wiethaeuper-Balbinotti,f,20.0,Gabriel,Balbinotti,45,11,8,87.5,0,0.0,0,0,0,2,0,2,0,0,0,5,1,0,0,0,0,0,0,0,0,0,0
II15,Forge FC,Kwame Awuah,d,6.0,Kwame,Awuah,22,22,12,41.7,1,0.0,0,0,0,0,0,0,0,3,3,7,4,1,1,1,0,0,1,0,0,0,0
II15,Forge FC,Kyle Bekker,m,10.0,Kyle,Bekker,45,33,27,81.5,1,0.0,0,0,0,0,0,0,0,1,1,5,3,0,1,0,0,0,0,0,0,0,0
II15,Forge FC,Maxim Tissot,d,15.0,Maxim,Tissot,45,36,22,86.4,4,50.0,0,2,0,1,0,0,1,0,0,3,2,0,0,1,0,1,1,0,0,0,0
II15,Forge FC,Molham Babouli,f,19.0,Mo,Babouli,22,8,4,50.0,1,0.0,0,0,0,0,0,0,0,0,0,2,0,0,0,0,0,0,0,0,0,0,0
II15,Forge FC,Monti Mohsen,d,22.0,Monti,Mohsen,45,35,18,77.8,4,50.0,0,2,0,0,0,0,0,2,2,8,5,2,0,0,0,3,0,0,0,0,0
II15,Forge FC,Paolo Sabak,m,24.0,Paolo,Sabak,90,44,35,71.4,0,0.0,1,2,0,0,0,0,0,0,0,11,6,0,0,0,0,3,1,0,0,0,0
II15,Forge FC,Triston Henry,g,1.0,Triston,Henry,90,28,17,100.0,0,0.0,0,0,0,0,0,0,0,0,0,2,2,1,0,0,0,1,0,5,2,1,0
II16,FC Edmonton,Allan Zebie,d,4.0,Allan,Zebie,82,77,62,88.7,0,0.0,0,0,0,1,0,0,1,4,4,10,5,0,4,0,0,1,0,0,0,0,0
II16,FC Edmonton,Antony Caceres,m,20.0,Anthony,Caceres,61,39,24,79.2,1,100.0,0,1,0,0,0,0,0,1,1,11,6,0,0,0,0,2,0,0,0,0,0
II16,FC Edmonton,Chance Carter,m,14.0,Chance,Carter,8,8,7,100.0,0,0.0,0,0,0,1,0,0,1,0,0,0,0,0,0,0,0,0,0,0,0,0,0
II16,FC Edmonton,Connor James,g,1.0,Connor,James,90,37,26,76.9,0,0.0,0,0,0,0,0,0,0,0,0,1,1,1,0,0,0,0,0,4,1,2,0
II16,FC Edmonton,Duran Lee,d,23.0,Duran,Lee,78,62,29,75.9,1,100.0,0,1,0,0,0,0,0,5,3,17,11,3,0,0,0,1,0,0,0,0,0
II16,FC Edmonton,Easton Ongaro,f,19.0,Easton,Ongaro,29,12,8,62.5,1,0.0,0,1,0,0,0,0,0,0,0,5,3,0,0,0,0,1,0,0,0,0,0
II16,FC Edmonton,Erik Zetterberg,m,21.0,Erik,Zetterberg,90,72,59,83.1,1,0.0,0,0,0,0,0,0,0,4,2,10,5,1,0,0,0,1,2,0,0,0,0
II16,FC Edmonton,Hanson Boakai,m,10.0,Hanson,Boakai,90,59,44,88.6,1,0.0,0,1,0,1,0,1,0,2,0,7,5,1,0,0,0,1,1,0,0,0,0
II16,FC Edmonton,Jeannot Esua,d,3.0,Jeannot,Esua,90,91,54,87.0,6,33.3,0,1,0,1,0,0,1,0,0,14,5,4,1,1,0,2,1,0,0,0,0
II16,FC Edmonton,Keven Steven Alemán Bustos,m,11.0,Keven,Alemán,78,63,42,83.3,3,33.3,0,0,0,3,0,2,1,0,0,13,7,0,0,0,0,5,0,0,0,0,0
II16,FC Edmonton,Marcus Velado-Tsegaye,f,17.0,Marcus,Velado-Tsegaye,29,18,11,90.9,0,0.0,0,0,1,3,2,0,3,0,0,3,2,0,0,0,0,1,0,0,0,0,0
II16,FC Edmonton,Mélé Temguia,d,8.0,Mélé,Temguia,90,88,73,80.8,0,0.0,0,0,0,1,0,1,0,4,4,12,6,1,2,0,0,1,3,0,0,0,0
II16,FC Edmonton,Prince Amanda,f,16.0,Prince,Amanda,12,8,4,75.0,3,0.0,0,0,0,0,0,0,0,0,0,1,0,0,0,0,0,0,0,0,0,0,0
II16,FC Edmonton,Ramon Soria,d,5.0,Ramon,Soria,90,82,72,76.4,0,0.0,0,1,0,0,0,0,0,0,0,8,3,2,2,0,0,1,2,0,0,0,0
II16,FC Edmonton,Samuel Gardner,d,33.0,Sam,Gardner,12,16,11,63.6,0,0.0,0,0,0,0,0,0,0,1,0,1,1,0,1,0,0,0,0,0,0,0,0
II16,FC Edmonton,Tomi Ameobi,f,18.0,Tomi,Ameobi,61,18,11,72.7,0,0.0,0,0,0,1,1,1,0,1,0,11,5,0,0,0,0,1,1,0,0,0,0
II16,HFX Wanderers FC,Aboubacar Sissoko,m,17.0,Aboubacar,Sissoko,90,51,41,87.8,0,0.0,0,1,0,0,0,0,0,1,1,10,4,1,0,0,0,1,2,0,0,0,0
II16,HFX Wanderers FC,Akeem Garcia,f,11.0,Akeem,Garcia,88,31,18,77.8,0,0.0,0,0,1,1,1,1,0,1,0,14,7,0,0,0,0,5,3,0,0,0,0
II16,HFX Wanderers FC,Alessandro Riggi,f,10.0,Alessandro,Riggi,78,44,27,74.1,1,0.0,1,2,0,1,0,1,0,6,5,14,7,0,2,0,0,0,1,0,0,0,0
II16,HFX Wanderers FC,Alex De Carolis,d,24.0,Alex,De Carolis,90,48,25,68.0,3,0.0,0,1,0,1,0,0,1,5,4,11,7,1,1,0,0,0,2,0,0,0,0
II16,HFX Wanderers FC,Alex Marshall,m,7.0,Alex,Marshall,79,39,21,90.5,1,0.0,0,1,0,0,0,0,0,2,1,16,5,1,0,0,0,0,0,0,0,0,0
II16,HFX Wanderers FC,Andre Rampersad,m,18.0,Andre,Rampersad,82,53,37,89.2,0,0.0,2,2,0,1,0,1,0,4,2,14,7,0,5,0,0,2,1,0,0,0,0
II16,HFX Wanderers FC,Chrisnovic N'Sa,d,6.0,Chris,N'sa,90,59,26,65.4,4,0.0,0,0,0,1,0,0,1,3,3,13,6,4,2,0,0,0,3,0,0,0,0
II16,HFX Wanderers FC,Christian Oxner,g,50.0,Christian,Oxner,90,33,28,53.6,0,0.0,0,0,0,0,0,0,0,0,0,0,0,1,0,0,0,0,0,3,2,0,0
II16,HFX Wanderers FC,Cory Bent,m,23.0,Cory,Bent,2,3,1,0.0,0,0.0,0,0,0,0,0,0,0,0,0,1,0,0,0,0,0,0,1,0,0,0,0
II16,HFX Wanderers FC,Jems Geffrard,d,3.0,Jems,Geffrard,90,41,34,85.3,0,0.0,0,0,0,0,0,0,0,1,1,9,5,2,0,1,0,1,3,0,0,0,0
II16,HFX Wanderers FC,João Morelli Neto,f,22.0,João,Morelli,78,50,32,68.8,2,50.0,0,2,2,4,3,3,1,3,2,11,6,0,2,0,0,1,1,0,0,0,0
II16,HFX Wanderers FC,Louis Béland-Goyette,m,5.0,Louis,Béland-Goyette,12,7,3,100.0,0,0.0,0,0,0,0,0,0,0,1,1,1,1,1,1,0,0,0,0,0,0,0,0
II16,HFX Wanderers FC,Mateo Restrepo,d,14.0,Mateo,Restrepo,12,5,5,60.0,0,0.0,0,0,0,0,0,0,0,0,0,1,1,0,0,0,0,0,0,0,0,0,0
II16,HFX Wanderers FC,Omar Kreim,m,8.0,Omar,Kreim,11,5,2,100.0,1,0.0,0,0,0,0,0,0,0,0,0,1,0,0,1,0,0,0,0,0,0,0,0
II16,HFX Wanderers FC,Peter Schaale,d,2.0,Peter,Schaale,90,38,25,68.0,0,0.0,0,0,0,0,0,0,0,2,1,8,3,5,2,0,0,0,1,0,0,0,0
II16,HFX Wanderers FC,Scott Firth,m,15.0,Scott,Firth,8,7,6,100.0,0,0.0,0,1,0,0,0,0,0,0,0,0,0,0,0,0,0,0,0,0,0,0,0
